"","gene","interaction_F","interaction_p","male_age_beta","male_p","male_n","female_age_beta","female_p","female_n","overall_age_beta","overall_p","overall_n"
"1","HSPA1B",0.343193497428456,0.558357711529758,-0.000629149157216752,0.0574520332901509,153,-0.000325757351812911,0.375754166388497,212,-0.000450230186887076,0.0768897281197987,365
"2","IGHG1",0.134703893814785,0.713818926534788,-0.000885516921447896,0.240033355228051,153,-0.00137044638797098,0.160271815180251,212,-0.00121322887646951,0.0626062247483356,365
"3","IGHG4",1.39661435299217,0.238069145467283,-0.00340316015005909,0.0172457172843566,153,-0.000682358334191463,0.680028762199038,212,-0.00186749519996762,0.100510726948997,365
"4","HIST1H2BG",0.00427330812378793,0.947915160687248,-0.00186501715241857,0.00544962408925456,153,-0.00181352467239796,0.000139841043826654,212,-0.0018220193930789,3.40412934655384e-06,365
"5","IGHA2",0.32926619059343,0.566448822748521,-0.000661434680954373,0.496974401023773,153,-0.00149271006885731,0.137983226367342,212,-0.00117143453090174,0.0999726645008382,365
"6","IGLC1",0.208286143975719,0.648388486607904,-0.00139510311372589,0.266901785530231,153,-0.000602827504458111,0.602771414081879,212,-0.000957173769861178,0.261729976560316,365
"7","SIGLEC1",0.0137920489720359,0.906577052312134,-0.000205819596903329,0.674823006611512,153,-0.000103196814240209,0.873196865797869,212,-0.000210328378795112,0.63044672722922,365
"8","JCHAIN",0.235391100095516,0.627849193385442,-0.0027717038660213,0.0361605278056534,153,-0.00186528613746305,0.141445239613288,212,-0.00224279973294112,0.0147564205077608,365
"9","C15orf48",6.81519971574975,0.0094151216197,0.000738506924203347,0.0108352430493077,153,-0.00011466995651275,0.536553091685971,212,0.000232278295250544,0.151450545707631,365
"10","IFI44L",0.0557194783590894,0.813527941281526,-0.000727203392153442,0.479441480135832,153,-0.0011514088652725,0.384414204794141,212,-0.00113701849626632,0.21007344186802,365
"11","ITGA2B",0.0944716815730985,0.758744734859546,-3.13560172346855e-05,0.952403828207893,153,-0.000216302035747829,0.528994164430625,212,-0.000149896913780092,0.611692290553257,365
"12","IGLC2",0.000667657645547128,0.979399974457213,-0.00072440579038215,0.514617980576812,153,-0.000683420128078643,0.525681118416362,212,-0.000723435191261199,0.352776891015349,365
"13","CCL3L1",4.64466507530957,0.0318109044492272,0.00160336164575823,0.069794704743549,153,-0.000825988695703822,0.248481624932787,212,0.000124957588667793,0.823050741766232,365
"14","NR4A3",0.277150977850936,0.598897971452184,-0.000762907267391912,0.406233903051125,153,-0.00140006381298372,0.0749179007042504,212,-0.00116599784443269,0.0504367049974203,365
"15","TMEM176B",0.00202011421956567,0.964175456832953,-9.49352953523951e-07,0.999111326099772,153,5.31040730281006e-05,0.947784631793154,212,-2.04702721043484e-06,0.997236974995355,365
"16","C5AR1",0.435980243996774,0.50949010809984,-0.000249269135365533,0.594202944424171,153,-0.000647849359375797,0.0932423031209817,212,-0.000482039785802445,0.104136537543624,365
"17","AL021155.5",0.0302266560359976,0.862074393999488,-0.00151267540719395,0.00267729944680636,153,-0.00141226625952157,3.72583587976165e-05,212,-0.00143978804311024,6.07210497629682e-07,365
"18","MPP5",0.124956957310484,0.723925582430607,2.88562809211287e-05,0.91775340225804,153,-6.98712818418106e-05,0.58282322118118,212,-2.66959991171167e-05,0.845471180616081,365
"19","IFIT3",0.769037974456387,0.381098025926613,-0.000233605767076186,0.719287065458623,153,0.000589719674428803,0.358056618147538,212,0.0001962402128894,0.674357243077289,365
"20","Z93241.1",0.515118590120314,0.473395590468336,-0.000422084717954157,0.0911630337984371,153,-0.000666267109105657,0.00343061754709365,212,-0.000559306347075481,0.000898203213474867,365
"21","RETN",0.00123890962866629,0.971941192994542,1.79201588553133e-05,0.989493205975911,153,-4.40039023744525e-05,0.968726782320125,212,-3.35568339373126e-06,0.996895898370197,365
"22","XAB2",0.686193855241829,0.408009332529175,-0.000475997682407747,0.317928353093167,153,-1.95103379779653e-05,0.951151647583797,212,-0.000191591626551983,0.479791404667887,365
"23","MXRA7",3.06845204051454,0.0806745966787606,0.000440588625469314,0.170312473155323,153,-0.000291575066960907,0.278074081775903,212,1.00348006391816e-05,0.961103814328187,365
"24","LINC00937",0.00712362596396372,0.932783939722276,-0.000145975589192915,0.44675191730104,153,-0.000121589469835289,0.546030696793007,212,-0.00013945962610827,0.326410154885629,365
"25","LZTS2",0.199302417569297,0.655552175841761,-0.00026770793827233,0.252941055518708,153,-0.000157620456041326,0.209518432192773,212,-0.000202682889663492,0.0942816669407934,365
"26","PABPC3",2.52371486792161,0.113021509147669,-9.65489965441915e-05,0.913619450249501,153,-0.0017873564573586,0.00535332421106783,212,-0.00109688941388626,0.0367037313190449,365
"27","GPR171",0.436839950146586,0.509073198730975,-6.6816142970929e-05,0.691574802420043,153,-0.000269003400257035,0.237987386469074,212,-0.000192317723562491,0.20101550161171,365
"28","G0S2",0.557853117482533,0.45561271403411,0.000934172206728747,0.263262894381825,153,0.000224995611871231,0.67619425917806,212,0.00052478443249345,0.260464190118895,365
"29","NRG1",0.79172884271958,0.374170437317014,-1.1320303396671e-05,0.959233029574752,153,-0.000307698468634486,0.185376914324851,212,-0.000198460377585201,0.227263030076879,365
"30","IFIT2",0.00152926637572686,0.968827625392078,-0.000105186915453873,0.713927370807292,153,-0.000121983597271325,0.682705966999514,212,-0.000137851598673371,0.517060704994343,365
"31","TRGC1",1.08834353825847,0.297536619372041,-0.000476247335260465,0.177813042366151,153,-0.000916537661964154,0.000351388248531569,212,-0.000732622046340662,0.000456334188715319,365
"32","TMEM140",2.60779462940556,0.107213187910147,0.000354492414365992,0.106761304444987,153,-3.19754774501458e-05,0.80375849349268,212,0.000130722257964359,0.267952230278918,365
"33","NBPF9",0.00229192055511256,0.961843128872923,0.000184016890687035,0.306764907161429,153,0.000196425318769075,0.267241507418163,212,0.000186057147444977,0.14425309708557,365
"34","ATAD5",0.0074212067615386,0.931397777243757,-0.000189520786833261,0.160666264690696,153,-0.000172317255956852,0.212972538112415,212,-0.000184443751050248,0.0607629704012239,365
"35","PDK4",1.5043657814996,0.220800218360892,0.00135050244913952,6.67554855467087e-05,153,0.000708310573723188,0.0585147702640816,212,0.000952844594103994,0.000256604322070287,365
"36","GP1BB",0.0388594309289316,0.84383834619246,-0.000613950803560678,0.252744347030667,153,-0.000754221662145257,0.104136917448773,212,-0.000694465608014264,0.0470803310610787,365
"37","CENPBD1",2.63354649267194,0.105500682685018,-2.39115958176405e-06,0.991741537273401,153,0.000495217621480965,0.0136101385443928,212,0.000299397543995919,0.0482361433282046,365
"38","SLC41A2",1.34943205005667,0.246144903889679,-0.000289052253981943,0.292748856733495,153,6.95763705605576e-05,0.686864394152544,212,-7.2826234289256e-05,0.631227941075921,365
"39","ZNF212",0.00152147192063867,0.96890712697876,-7.11414295256717e-05,0.80895873530135,153,-8.28213295602561e-05,0.559927808924264,212,-7.56352508242538e-05,0.606466980695032,365
"40","CXCL8",2.95479034859806,0.0864806738425226,0.0029186898381706,0.00435413653538237,153,0.000663785755606937,0.429621638611741,212,0.00159823909676343,0.0137280939852821,365
"41","IFITM1",0.019459546050605,0.889134840855818,0.000573212146715,0.0642937687246491,153,0.000643367190698068,0.0764886767509571,212,0.000590682000959842,0.0179369780093153,365
"42","TTN",2.00223891398701,0.157929062421718,0.00020211202472502,0.340087178701035,153,-0.000217836450203631,0.27550407017699,212,-6.15921033208384e-05,0.675860874828248,365
"43","CLEC4E",0.0288461859762271,0.865229808057576,-0.000608539503594619,0.0662365750411101,153,-0.000525863145704474,0.11869004406224,212,-0.00057736394666303,0.0164693922158248,365
"44","CDKN1C",0.314408819744954,0.575335115238962,0.00049940940968581,0.0560478500000215,153,0.000288302596560855,0.263485131898735,212,0.0003696879064462,0.045958539662504,365
"45","AP001189.1",0.121665930975797,0.727437975882027,-0.000834215417554398,0.000616694041114356,153,-0.00070231816485526,0.00957833375110205,212,-0.000763476673609423,4.7802271224563e-05,365
"46","TP53INP2",0.669571399560549,0.41374086381352,-4.85268262603847e-05,0.823293621398622,153,-0.000274538512268635,0.115663262000728,212,-0.000182195114208814,0.179306689814249,365
"47","AC079305.3",0.312015710759988,0.576792188463911,0.000173728073182803,0.414001981013015,153,-8.24635544086919e-06,0.971237188423531,212,6.26715658220219e-05,0.694969859133872,365
"48","UBE2L5",0.594266525726846,0.441278243382953,-0.000104681590532499,0.706030343439765,153,-0.000406065471724462,0.124235294640801,212,-0.000277337345059981,0.149044292227612,365
"49","FAM106A",1.75356590862549,0.186266865945609,-2.75155697835652e-05,0.891704690705218,153,-0.000447632374956034,0.0475763726529511,212,-0.000278052980551072,0.0751340146478364,365
"50","ARIH2OS",0.0876923384382115,0.767301904536195,-0.000231582776711481,0.262818265704275,153,-0.000303958975257057,0.0365383527373108,212,-0.000274153471046431,0.0226043558767165,365
"51","WDR89",0.203652499217385,0.652059634771508,0.000106929811816888,0.643633039522658,153,0.000227460185543739,0.140777025240988,212,0.000176000686406867,0.179581457376266,365
"52","CDC7",0.076140203439635,0.782755770975342,0.000103797389445017,0.601941440575498,153,3.86867136744399e-05,0.78210991178702,212,6.42980462764392e-05,0.578393418301979,365
"53","HLA.DQA2",0.827738814308639,0.363534222289035,0.00014708029496534,0.977989107922698,153,0.006536724801305,0.150984014665643,212,0.00398691161911949,0.247882901849262,365
"54","LINC00662",0.89147384965064,0.345709697798231,-0.000164298172098411,0.458901417197063,153,8.81415112328204e-05,0.58438039600535,212,-1.6252755181203e-05,0.901427497556374,365
"55","SPHK1",0.383894348624594,0.535917230838039,-8.34889864065367e-05,0.703091069119631,153,-0.000255751165644455,0.144840999493629,212,-0.0001784019210735,0.192279783549584,365
"56","AP3M2",1.17695078376829,0.278701589021823,-0.000211337993627201,0.340840246711051,153,7.09020727084047e-05,0.642310476742332,212,-4.72510085222966e-05,0.711571067288182,365
"57","DHRS9",0.635786147884668,0.425764960748491,0.000107932080974136,0.752381051006187,153,0.000411509359977508,0.0508072001843518,212,0.000289762174877236,0.121467341777329,365
"58","SLF1",0.279407147508857,0.597414871909903,4.47299233564037e-05,0.768814713312255,153,0.000196188420529637,0.362339278304248,212,0.000123910820089579,0.380392840599076,365
"59","CDCP1",3.38575585871352,0.066582787219023,-8.67301778396846e-05,0.6656549384793,153,0.000352010225681135,0.0135763238381929,212,0.000172684586542276,0.141963203335008,365
"60","TBC1D8",0.0265998940148589,0.870535102487148,8.17501230479298e-06,0.954940413465674,153,4.64890343541045e-05,0.782880148034829,212,2.74137809995465e-05,0.811976083799694,365
"61","AC239799.2",0.930324428939584,0.33542430489304,-0.00105992704327135,0.00422735193201793,153,-0.00152410167777907,1.85964857489975e-06,212,-0.00134641091364746,2.59416887276269e-08,365
"62","IGF1R",0.281741749012772,0.595888261767736,-0.000430030568446548,0.00602152294783438,153,-0.000301268544902093,0.0808131741780465,212,-0.000360449587125397,0.00267101475497593,365
"63","PYHIN1",3.65087901398095,0.0568315139737131,0.000323635469047122,0.298686999733141,153,-0.000550149793783971,0.0818581462490801,212,-0.000192870251617723,0.392151047171591,365
"64","ZNF28",0.148263355462585,0.700427272741748,1.92654255669801e-05,0.902015616141641,153,-6.73673247156413e-05,0.660271311955053,212,-3.33066959203947e-05,0.762722530688295,365
"65","ENOSF1",0.010288528992602,0.919263541506392,-0.000192704310789665,0.34036984684657,153,-0.000220319509674617,0.218658111504728,212,-0.000207250174185571,0.121077240461739,365
"66","SHQ1",3.07105681491855,0.0805465941769353,0.000290461228870147,0.140524541565638,153,-0.000226728834354105,0.270252568888525,212,-2.36152475842239e-05,0.871218467407236,365
"67","KANTR",0.407251416473007,0.523772487155338,-0.000117082747471754,0.529364845809958,153,3.14438204845695e-05,0.828062432397814,212,-2.82189888882372e-05,0.804750253437566,365
"68","HLA.DQB2",1.40785684898135,0.236192767894152,0.00264146857750385,0.0593907769395024,153,0.00489921929078813,0.000131980645686699,212,0.00401561565399922,2.25792092895305e-05,365
"69","PHLDA2",0.169012426083525,0.681234928129716,0.000213188023886774,0.500961222097517,153,4.09648875959381e-05,0.880148731529743,212,0.000101440555999123,0.622138066004057,365
"70","MARCO",1.17659834064538,0.278773455647689,0.000385508402114954,0.327625881878791,153,-0.00024601889085922,0.541059933775997,212,-3.44244143292642e-06,0.990415378444609,365
"71","RSAD2",0.0731729002105016,0.786926434333199,-5.50413503585148e-05,0.818066379081731,153,-0.000161289235519473,0.569090067126097,212,-0.000142197417390342,0.466630136690013,365
"72","LILRA6",1.62041538403098,0.203853035446839,9.52612264722639e-05,0.629841269932039,153,0.00043697734918274,0.0142756668281889,212,0.000299952693178327,0.0234623455018567,365
"73","CTSL",2.04377148149819,0.15369513291827,0.000699553555832734,0.00753970062299233,153,0.000187089825187835,0.434533490413472,212,0.000385462062987879,0.0297703934571409,365
"74","SPARC",0.938677974546812,0.333266715737633,0.000157638476232746,0.82134879037523,153,-0.000615064354963188,0.176295365606117,212,-0.000295220726918923,0.450932183573755,365
"75","ZFP14",0.293141163644219,0.588548565599247,-5.73515958926539e-05,0.688157436038342,153,6.87361937418578e-05,0.681536892676649,212,1.39698552029442e-05,0.902703707814614,365
"76","FARP1",0.113048730957718,0.736894889005461,0.000372548967796356,0.0504325004835879,153,0.000263782261827845,0.265200694860039,212,0.000299182404843667,0.0605711058189728,365
"77","IGHA1",0.120244419640246,0.728971589708886,-0.00360063148395031,0.141434618744598,153,-0.00248895993858083,0.229768999741913,212,-0.00300046017015209,0.0571504196329624,365
"78","Z82206.1",0.095473605177653,0.757508876187458,-0.000209118277839984,0.471345375388089,153,-0.000338978375347988,0.238912934947268,212,-0.000287243812598178,0.163821986654279,365
"79","AP4S1",0.130576677148124,0.718046257825837,-3.42878517702953e-05,0.769781504656928,153,-0.000113678339065267,0.490599386275946,212,-8.92101124681582e-05,0.410006242334144,365
"80","LINC02723",1.81488761401366,0.178768020638746,0.000465641480861343,0.0616070773392348,153,9.81877360438478e-06,0.965025201948343,212,0.00019485611619384,0.241654399860039,365
"81","ZNF140",1.90968414417521e-06,0.998898156443148,-4.48351277785779e-05,0.745667139200604,153,-4.51167047051156e-05,0.748181028267612,212,-4.96300768676416e-05,0.619959450002936,365
"82","MSR1",0.437661836731759,0.508675180753815,-0.000180913316168759,0.465294173919815,153,4.82429754694593e-05,0.835612900889239,212,-5.76100662972852e-05,0.735725025785558,365
"83","ZNF493",1.15778747972512,0.282643444517246,-0.000111627991752213,0.566742921386813,153,-0.00035397972488279,0.00693215764969735,212,-0.000246768735502111,0.0268818344372531,365
"84","LINC01678",0.171705913205421,0.678846245127619,0.000130963061278492,0.602305080462567,153,1.36936973500755e-05,0.931075830776798,212,6.48799155271369e-05,0.640274183557718,365
"85","CDKAL1",0.389630321509088,0.532888042465631,-7.52827581509193e-05,0.578114597467851,153,-0.00020182749828936,0.152940855700697,212,-0.000151140101346884,0.129096462419473,365
"86","NAF1",0.584098280587864,0.44520964470285,0.000645261307251492,0.105796589692955,153,0.000216002225618971,0.569026162247513,212,0.000373895995053004,0.176841456895399,365
"87","POLA1",0.584879973281596,0.444905494353791,-1.48117869524835e-05,0.923495065068036,153,0.000149212290750784,0.298831109593895,212,8.00823538059716e-05,0.446896350510538,365
"88","IRGQ",0.0216646320343909,0.883064928833001,-4.50773510433469e-05,0.853516800859006,153,-8.75561799400487e-05,0.607613421914904,212,-7.14188376328969e-05,0.613733226390592,365
"89","PRXL2A",0.0882074890673588,0.766639264493755,-0.00035069849808895,0.0243326107682098,153,-0.00027121980136944,0.16823442947209,212,-0.000307154420264875,0.0197418211976473,365
"90","SLC7A5",0.0576599892014389,0.810369690974672,-0.000186327031399963,0.502034626347085,153,-9.69286764845649e-05,0.69088349276096,212,-0.000142331307508822,0.436600033312642,365
"91","ERCC4",2.20821644561844,0.138150073037157,-0.000136778268815555,0.591023942473619,153,0.000320533585370421,0.0857186199498531,212,0.000134249407734356,0.375174340745,365
"92","SNHG20",1.00696137636327,0.316304038157345,-6.78193263348239e-05,0.677537971865559,153,0.000154174746516166,0.29094338786808,212,6.53395514449402e-05,0.547541808113633,365
"93","AC025171.3",0.409678408850594,0.522538790086751,0.000456888504999945,0.0468372465120266,153,0.000257858282463957,0.210181068810895,212,0.000331905606055541,0.0303823795422439,365
"94","USP53",0.0314754576322439,0.859283309757953,-0.000148802075157427,0.426929533126169,153,-0.000196950741263743,0.289429590377566,212,-0.00017982618642601,0.177121294717092,365
"95","DNHD1",0.293193754560029,0.588515134456803,-0.000138830057009508,0.387275356393847,153,-3.19012451738034e-05,0.792393850646456,212,-6.8774960054035e-05,0.479626686279225,365
"96","FKBP1C",2.77621099349708,0.0965416693129699,3.07639022155832e-06,0.990899347156133,153,-0.000658865060331881,0.0168674709978408,212,-0.000397065592588433,0.0431576541967866,365
"97","CISH",0.889476308931765,0.346249995478112,0.000334932899607742,0.0645294381473073,153,9.63205314649109e-05,0.571462532749293,212,0.000187547850864205,0.132374844709723,365
"98","NCR3",2.68760891690869,0.10200258068975,0.000129637555404265,0.615277432304842,153,-0.000426909934860739,0.0527226380204369,212,-0.00019915659782459,0.23354088481076,365
"99","TJP2",6.63583030822984,0.0103916639915814,-0.000491596232713978,0.0111731073511927,153,0.000139018812735974,0.369502098451546,212,-0.000116509778355242,0.336370790719192,365
"100","ITPR3",0.271757993684362,0.602474570063882,-3.31290086801686e-05,0.828415142395202,153,-0.00016119748600065,0.359511046730659,212,-0.000115914193846279,0.337679415130797,365
"101","IL18RAP",0.246378505866067,0.619938797218043,-0.000380219167796382,0.103048311613069,153,-0.000515660049490889,0.00147049728683404,212,-0.000455349442915888,0.00074449418623024,365
"102","NEXN",0.0904122146107197,0.763826857037582,0.000221024095171313,0.406954353727129,153,0.000124974477528723,0.514144258253937,212,0.000158036728049605,0.3138609503403,365
"103","PROCA1",0.066396585149355,0.796804293922068,0.000168542666756499,0.331699072330669,153,0.000110086514207208,0.451118834739021,212,0.000132653706605084,0.233426301159524,365
"104","ZNF23",0.0991775733044903,0.753000767693561,-5.99461357514609e-05,0.719319677220125,153,-0.000132094008768431,0.385638539712387,212,-0.000100373849200375,0.371882814121634,365
"105","IFT88",0.464048704025832,0.496174596232417,3.69755638691652e-05,0.832384979711187,153,-0.000156926709478975,0.443521113709751,212,-8.31983169642439e-05,0.551845977127336,365
"106","CLU",0.195692980634922,0.658484958083366,-0.000678257661854071,0.196051826723953,153,-0.000372249209627352,0.406768138056833,212,-0.000492741093123626,0.14690136443576,365
"107","AC097376.3",0.837960756334678,0.360591699010878,-7.25513311224414e-05,0.664472719453304,153,-0.000271083408992007,0.0516805863989627,212,-0.000191443077088788,0.0727218346772453,365
"108","CPLANE1",0.0991937435957364,0.75298129131878,-1.37967672047797e-05,0.951627905513008,153,7.00896944843342e-05,0.652869951025405,212,3.96763743827364e-05,0.761413534885035,365
"109","THBD",0.46109402657377,0.497548229864611,0.000284153972942414,0.450253604771227,153,-1.73809962283342e-05,0.947111403173438,212,0.000102614613455202,0.637640549370069,365
"110","AC145207.2",1.29084977825107,0.256645077332386,-6.27884222304696e-06,0.969933176468336,153,-0.000258952311073643,0.0753469275965261,212,-0.000160718248730714,0.142400030457305,365
"111","NOTCH2NLA",0.289794453667507,0.59068403391446,-6.99596576527963e-05,0.705435551598982,153,-0.000197780483550091,0.190140026408659,212,-0.00015209611407723,0.193189208783395,365
"112","SLC35E2A",1.71741250364787,0.19085959704885,-6.27664298754892e-05,0.832782345069171,153,-0.000605060133240967,0.0298019234589576,212,-0.00040712133351671,0.0484264340289906,365
"113","PTPRN2",0.11809704381843,0.731307694641793,-6.81613845965672e-05,0.774851974394764,153,-0.000168386775343096,0.344820412596356,212,-0.000114747040543961,0.425672952079587,365
"114","PNMA1",0.110919411489006,0.739293151363274,-0.000148533592955328,0.57719490187705,153,-5.58795801854261e-05,0.687563341295728,212,-8.35537984817986e-05,0.542208120342023,365
"115","DTX3",0.061197173976819,0.804754299982409,-6.51208167627292e-05,0.672201441458158,153,-0.00011357447901889,0.358343320050991,212,-9.39863599764632e-05,0.327941068761215,365
"116","CNTD1",0.904813114394175,0.342130817373683,0.000168394570300055,0.215087379738768,153,-1.63904137796105e-05,0.901264844732622,212,5.31514683085505e-05,0.578559765234485,365
"117","DCP1B",0.50811786905415,0.47641524558798,-0.000116723311157525,0.381459169606132,153,4.98039473789352e-06,0.963299933743098,212,-4.61605734977148e-05,0.581662664545425,365
"118","BX890604.2",0.0530535909371278,0.817962981330695,-0.000189058601908109,0.126843848561323,153,-0.000141532906388615,0.344982479594884,212,-0.00018599791800314,0.0815230141940932,365
"119","GGT7",0.285312373997724,0.593569022935144,-0.000128386634558513,0.470067471484613,153,-0.00024213985609583,0.0587890076063983,212,-0.000189871219750935,0.0704235513414325,365
"120","ANKRD10.IT1",0.0348158134596731,0.852086950253646,-0.000188568640710934,0.328522342419564,153,-0.000135031527124125,0.497231517059965,212,-0.000161319656033625,0.25221282047809,365
"121","FOXO4",0.0267620075775267,0.870144694235511,0.000199420735249326,0.13371219105491,153,0.000164327509802185,0.286226228869173,212,0.000173827224061676,0.0995648316803458,365
"122","MEGF6",0.676294414562063,0.411408502801976,-0.000108290892358692,0.489244884387496,153,-0.000287643664836488,0.0499362823880839,212,-0.0002173544349769,0.0429384506113698,365
"123","C9orf64",0.227889476122846,0.633382070654765,0.000181110865403258,0.384867410116403,153,5.49100203624022e-05,0.74146051475128,212,0.000114396155993002,0.379317517364567,365
"124","AL645728.1",0.0644493866289599,0.799741419003221,-6.58120654821833e-05,0.764737263787924,153,1.14075382961342e-05,0.955145280725775,212,-2.2515902663341e-05,0.879995288378748,365
"125","F2R",3.73697073012812,0.0540025652074034,0.000601823217472632,0.0572608016955568,153,-7.52523348548539e-05,0.696610903748146,212,0.000209250900798739,0.226624081102809,365
"126","C10orf143",1.79687803526111,0.180933350494368,8.69228005662572e-05,0.521476401534349,153,-0.000187754270071417,0.190038196585215,212,-7.72238492714429e-05,0.443380918876809,365
"127","S100B",0.0604624665009924,0.805906221952823,-0.000443677761107309,0.114721268561421,153,-0.000528913987258116,0.0139789235660183,212,-0.000492611873216656,0.00394739881551579,365
"128","HPSE",0.394036371354694,0.530582169816092,-0.000186039618488565,0.169677381895407,153,-4.61956070515714e-05,0.774019783610653,212,-0.000102916222645301,0.346492854955395,365
"129","TTC9C",1.06333203653921,0.303146804032854,9.26219903232367e-05,0.594619454922393,153,-0.000178083967203851,0.331033347094258,212,-7.10777101204125e-05,0.581569247958107,365
"130","MAMDC4",0.0798954682759524,0.777601115631159,-7.66325437851261e-06,0.956071475150286,153,-5.95892397756493e-05,0.616531981275961,212,-3.81380434750526e-05,0.671961507348098,365
"131","GCLM",0.0430992590197148,0.83565554793978,5.64430869912607e-05,0.732396961182591,153,0.000107144992034198,0.525599862875214,212,8.15970908492007e-05,0.49625042588039,365
"132","AC027097.2",0.413062420802124,0.520827193176472,-3.10653353074167e-05,0.838080654221069,153,0.00010532964912065,0.459319505639109,212,4.89955302572223e-05,0.637876330689259,365
"133","AC025259.3",1.38084450715486,0.240731822417685,-0.000167817066807388,0.523654380849314,153,-0.000609865578038609,0.0177508077276611,212,-0.000437272645262134,0.0185669117787479,365
"134","ZNF749",0.513050140158139,0.474284537415069,-0.000162069452353474,0.410590148874294,153,2.17257702071047e-06,0.98700991589369,212,-5.94297624591961e-05,0.598060228582557,365
"135","NRARP",0.0713819346958029,0.789487774303762,-0.000425298313525653,0.484523123412663,153,-0.000214183104847197,0.672207877611879,212,-0.0002961513007322,0.444751904466641,365
"136","AC012645.3",0.633796823570345,0.426489223066629,-0.000362445112640156,0.0375268963075389,153,-0.000162454011812171,0.345282333757321,212,-0.000242487835666634,0.0497459952606716,365
"137","ANKRD36B",0.555158852553778,0.456702220911448,0.000120467549916066,0.540989761428709,153,0.000334510093082477,0.0907313563417535,212,0.000241279342000606,0.0879632999538236,365
"138","AC093278.2",3.07881058765172,0.0801668618608712,-2.37640560893212e-05,0.901630367835344,153,0.000469038628244289,0.0157075508381671,212,0.000273818927240201,0.0486070132786949,365
"139","IL1RAP",0.800023012920994,0.371682428610854,-0.000116357282544988,0.476338662531462,153,7.15288685660654e-05,0.592382861591993,212,-1.28942306601527e-05,0.90093728055412,365
"140","FDXR",2.07196487669404,0.150894658229668,-0.000284328676770644,0.0486650014178818,153,2.7087493059869e-05,0.85750068489809,212,-0.000100081327804213,0.34694304279416,365
"141","CRYZ",0.0999473478184456,0.752075538599396,4.11613142260105e-05,0.837793668769574,153,-4.6133478450738e-05,0.801330071362232,212,-7.01750017546234e-06,0.958677226678108,365
"142","SLC35F2",0.348896817265954,0.555107882427742,7.29320757070613e-05,0.581586782603724,153,-7.83781243546273e-05,0.685727770093863,212,-2.60280318360935e-05,0.836670597068733,365
"143","BEX2",0.809080037565508,0.368991973318231,-0.000338250090558816,0.0146687998981005,153,-0.000543752902424362,0.00117769550548566,212,-0.00047104517094089,3.85406468299635e-05,365
"144","CCZ1B",1.56031054567151,0.212429097442076,0.000277036006266336,0.689808203346532,153,0.00132485469294916,0.00944322549873171,212,0.00089320168134161,0.0307238066325701,365
"145","LGALS3BP",0.105407421956382,0.74562260920964,-5.26539104198606e-05,0.848361999214762,153,9.72644972370584e-05,0.771799134400312,212,7.11878831634852e-06,0.975270507176233,365
"146","SUFU",1.08551707537178,0.298163853686076,-0.000204260115191205,0.311065522099102,153,8.99699445491611e-05,0.635590727309455,212,-2.50068297586082e-05,0.857024861075363,365
"147","BAHCC1",2.24029008602501,0.135329517441694,-0.000164365357054839,0.449219192559417,153,0.000178496068365868,0.126564287135724,212,3.96100546003311e-05,0.725107971276602,365
"148","AC245407.2",1.18853232447067,0.276352961631348,-0.000404370096778001,0.419098385817446,153,-0.000984318999657907,0.000406385593668551,212,-0.000747354153832723,0.00443233144096553,365
"149","SH2D2A",0.344414752971295,0.557658782246275,9.58608734519014e-05,0.743388123767178,153,-0.000121180878946707,0.601290265572448,212,-2.28886433067125e-05,0.899820212544857,365
"150","SIRPB2",0.0134096972453337,0.907875242364504,-0.00032133394258854,0.250871639472296,153,-0.000275208424591326,0.308938435284257,212,-0.000303304163926231,0.121659610397446,365
"151","ANKMY2",0.935780517884373,0.334012971239941,0.000204149289661831,0.218285062015724,153,-8.49344253873993e-07,0.994953787970693,212,8.67826620613942e-05,0.404862151742908,365
"152","RMI1",2.54718713162228,0.111365812661261,0.000581812703352137,0.00867721846094521,153,0.000164375501348247,0.292545856661613,212,0.000336892866417858,0.009164624733352,365
"153","LINC02591",0.212506331737492,0.645087618036991,7.13642028475347e-05,0.680813848685665,153,-2.64021629810973e-05,0.83829026398957,212,1.42829962657435e-05,0.890750973686888,365
"154","RCN3",1.39931693713438,0.23761643241348,-0.000392256957936423,0.0673575731043563,153,-8.2233445460971e-05,0.608693542530092,212,-0.000211337701907096,0.101330636433101,365
"155","UGGT2",2.01816452133447,0.156290043746678,0.000103055908994872,0.512400057040624,153,-0.000222532050834419,0.157859748803389,212,-8.73582797727331e-05,0.438389936395109,365
"156","TMOD2",0.546295576241788,0.460315584860126,-0.000147820259377959,0.488425359706383,153,4.23057235287567e-05,0.784918901991791,212,-3.70105499509888e-05,0.769322146644175,365
"157","FBXO31",0.0218400485377388,0.882595908946806,-8.74102959445395e-05,0.557117772482103,153,-5.58186783687591e-05,0.701358663956793,212,-7.03911742566642e-05,0.501941624819984,365
"158","LINC00926",0.137477689042838,0.711018994400744,-0.000438226842197976,0.24110511621805,153,-0.000258986879711122,0.402292582489212,212,-0.000337412598064202,0.155267895408148,365
"159","INPP4B",1.09236107567348,0.296647988946744,7.79269720978383e-05,0.705856835634094,153,-0.000225382981067799,0.249196421154474,212,-0.000113200861766117,0.429788877378389,365
"160","ANKRD36",0.434597341954749,0.510161978755878,0.000352483961971647,0.126687143859331,153,0.000146169206424694,0.479678013054768,212,0.000228318880362346,0.137531978058566,365
"161","SLC15A2",1.01863865745134,0.313518137188289,-0.00036845896923241,0.0114349099755361,153,-0.000135330356745874,0.412640053769142,212,-0.000235835332940673,0.0384572895033921,365
"162","NBPF15",0.558016540632603,0.455546760917707,0.000168166286014229,0.518592577083641,153,-0.000110485179063499,0.663145338195862,212,-1.79990370025576e-06,0.992156943223229,365
"163","DTNA",0.577588587144534,0.447755106408667,-0.000124652862066921,0.457616792828363,153,7.98399316074766e-05,0.67818749919731,212,-7.23037256309423e-06,0.956341944393588,365
"164","OSM",2.06401739580602,0.151678173747829,0.000926521317152395,0.16559762793233,153,-0.000367139950525859,0.535385512051237,212,0.000122958161432606,0.782585899632027,365
"165","FAM174A",0.0959609146871268,0.756910354503149,-0.000145614432536589,0.468744649231786,153,-7.62821709182819e-05,0.53701882944853,212,-0.000101782218782501,0.354133706687623,365
"166","SNHG21",0.00117264883958319,0.972701537625492,9.63622016178031e-05,0.57872659395689,153,8.89159523776989e-05,0.511826233097137,212,8.94706480432237e-05,0.401662428953751,365
"167","USP37",0.1892379759128,0.663811543814064,-0.00012042599091601,0.529875719888085,153,-0.000248404143874795,0.230152489568069,212,-0.000201875079329907,0.162778732267887,365
"168","ZNF611",0.314930133340365,0.575018674744277,-0.000135851497925144,0.600083499881964,153,3.01163452312119e-05,0.857886512069685,212,-3.9393262278869e-05,0.78593524704476,365
"169","CHRM3.AS2",0.278950300920378,0.597714561220937,-0.000543604260738801,0.0204683640455826,153,-0.00071282154767277,0.000964687719907067,212,-0.000651756084540114,4.28855388800614e-05,365
"170","AL021707.5",0.388337249921006,0.533568202625194,0.000324320003778288,0.186286932279733,153,0.000149563904690714,0.350903276464118,212,0.000216772889170893,0.11588785078164,365
"171","KIAA0753",0.171824914950061,0.67874121788264,-6.74808529059498e-05,0.593130745937873,153,-0.000151717490999265,0.297565086827095,212,-0.000119444344132453,0.231217266659208,365
"172","PRDM15",0.370177774736571,0.543289998805282,-0.000112145321215033,0.550724847760384,153,2.71920581901045e-05,0.845264810316547,212,-2.58292157518406e-05,0.818298274921775,365
"173","KIF21B",0.0896175055095373,0.76483625711429,-2.53774603933448e-05,0.861372321540451,153,3.80849167477411e-05,0.79344992932948,212,4.93198350399924e-06,0.962309856761849,365
"174","CENPO",0.0211509107940027,0.884449762625916,0.000109301223353986,0.390367169778749,153,8.320491208927e-05,0.492025123339165,212,9.27816664254869e-05,0.291902320479126,365
"175","UTP25",0.00115594417400344,0.972896595985706,8.40420688617586e-05,0.592482976435664,153,9.30346755137822e-05,0.62879227514591,212,8.06240464415592e-05,0.535765156114226,365
"176","SNAI1",0.375811609454307,0.540239373305515,0.000118610644203203,0.742251554044624,153,-0.000193920036039156,0.573223200084927,212,-8.29280376100271e-05,0.741121747062118,365
"177","AHI1",0.469390350460898,0.493707438227051,0.000480536813483411,0.09733415740912,153,0.000250783171955946,0.19831443408022,212,0.000353975509611895,0.0324213281645029,365
"178","ADRB2",0.0126282549929087,0.910588133141806,0.000360247029129451,0.12962153856656,153,0.0003277334704572,0.0642165774184578,212,0.000349748617469499,0.0143750631425852,365
"179","RIMKLB",0.351306995850545,0.553745293670246,-0.000265344644349066,0.0550693755621187,153,-0.000391976049738961,0.00992986087928364,212,-0.000352893203421426,0.000965591829846912,365
"180","C12orf29",1.40229913935693,0.237118095210729,0.000130112491910686,0.410886068915628,153,-0.000122726244229838,0.382266453616834,212,-1.90420856341081e-05,0.855897668623394,365
"181","TMEM267",0.000704401336413838,0.978840847703715,0.00012097610490056,0.426594814616364,153,0.000115214393209536,0.434547992611461,212,0.000121623037829883,0.254073165889314,365
"182","POT1",0.56875630007579,0.451245191641971,-0.000132974335661545,0.537672052398613,153,-0.000349455828156996,0.0625964553941907,212,-0.000257840657497423,0.0678313425555571,365
"183","TUBB1",0.328634843616057,0.566820971219214,-0.000437333612198904,0.424440122806871,153,-0.000806863772222678,0.0344689169690089,212,-0.00065411239009238,0.0390886972425885,365
"184","FCRL3",0.00808049535033658,0.928423227586424,-0.000120677175439235,0.574508670023456,153,-9.5234748539437e-05,0.602877663209408,212,-0.000111281096702738,0.423359403260107,365
"185","TMEM116",0.187657412685419,0.665132241173586,1.06708174912477e-05,0.929211299522549,153,-6.92731988439799e-05,0.593282150307475,212,-4.22521951526107e-05,0.641704539744207,365
"186","GEMIN6",0.384796098429856,0.535438943873979,0.000244583736959412,0.116237588549793,153,9.69829692104978e-05,0.561771705607586,212,0.000145644501074166,0.216488285170067,365
"187","MTERF3",1.3252009334946,0.250422657470271,-0.000118879636798521,0.5361553472807,153,0.000144563810001228,0.289348594071124,212,3.47527898380006e-05,0.757219846815869,365
"188","SLC46A2",0.521107716427733,0.470836854565487,9.5572089804504e-05,0.729006361592992,153,-0.000153187966847046,0.474591937525574,212,-4.9803210408725e-05,0.768297187521244,365
"189","PPP1R3D",0.927719867499471,0.336100851186249,0.000175097436515741,0.253866738995641,153,-6.61409297685986e-05,0.71381796079482,212,2.49457377403203e-05,0.83969849670399,365
"190","GFRA2",0.190535967068035,0.662731857992228,6.97233737092115e-05,0.70559622749695,153,-6.68150472307697e-05,0.769477998635074,212,-1.43802943261974e-05,0.925323227183765,365
"191","SUPT3H",0.68238282032302,0.409313013881591,0.000108682642377981,0.509535072544938,153,-0.000113316743170707,0.557961228046875,212,-2.7911391398828e-05,0.832583649709104,365
"192","RBBP9",1.26539968152932,0.261378840001323,-0.000241522696019652,0.11838509980324,153,1.75617297941246e-05,0.912536850585128,212,-9.16929783547946e-05,0.418062471834594,365
"193","MGLL",0.669513158621366,0.413761154264901,0.000293731930850801,0.253482909978957,153,4.0662711487323e-05,0.827083200462986,212,0.000156029420050569,0.306853566064447,365
"194","SPSB2",2.58398207980641,0.108824015380737,-2.66195531832217e-05,0.929339503797778,153,0.00057302828180449,0.0136834522036774,212,0.000326734901090165,0.075622876613135,365
"195","CXorf40A",0.12275120749414,0.726273866505781,0.000503843798998246,0.013149963654701,153,0.000611063440146422,0.00470303897390382,212,0.000563449384203774,0.000200909704495986,365
"196","MOB3C",0.0107743527700573,0.917386040863449,4.82274224829181e-06,0.976380684556632,153,-1.95415952462038e-05,0.902819139073665,212,-7.95139557016852e-06,0.944910137477288,365
"197","AMIGO2",0.0552976738419912,0.814222094449978,-0.000135072643627425,0.406629709824002,153,-8.44520565403497e-05,0.545516688278092,212,-0.000110332558575069,0.297147165189234,365
"198","AC134312.5",2.0701404796953,0.151074112027781,-0.000815646938182714,0.0241808829353854,153,-0.000170648453547997,0.540295217787425,212,-0.000430489153701879,0.051407911768771,365
"199","SLC16A5",0.00201221349328292,0.964245533688256,-3.64839115310929e-06,0.985787831189381,153,-1.43443219662201e-05,0.917565368404103,212,-3.60289355222409e-06,0.975471776550191,365
"200","TTPAL",0.0860712043955098,0.769401099571795,2.39308547629455e-05,0.90128425390791,153,9.37957493335739e-05,0.5221019707164,212,6.92417276359195e-05,0.553587850915447,365
"201","AL121933.2",0.470468764322442,0.493211852882638,9.36611580261891e-05,0.657763761304309,153,0.0003475250726229,0.203036489856235,212,0.000243191401786949,0.180884397494307,365
"202","ZNF544",0.885229190332738,0.347402581236221,6.11121204687459e-05,0.822222371745358,153,-0.000220703249085701,0.175759332464451,212,-0.000100806452448771,0.493390865970245,365
"203","LOXL3",0.540422097014909,0.462735147875653,-0.000149524622711421,0.23990730286647,153,-2.02309948026149e-05,0.863159185679834,212,-7.73197922466077e-05,0.371432087585099,365
"204","MYC",0.761859743792881,0.383327341677961,-1.21281116191138e-05,0.9617242195513,153,-0.000316684920758763,0.17391145600066,212,-0.00020587610600138,0.232224520170151,365
"205","UST",0.00242530568691507,0.960749378338649,0.000137021016831711,0.404278842787558,153,0.000147177924833885,0.253753130663306,212,0.000150639538019628,0.13875713958722,365
"206","AC006064.5",0.69062990271715,0.406499516113934,-0.000640558017118228,0.0449438610852693,153,-0.000970389616978331,0.000112485455662374,212,-0.000827318905976198,2.78282952405475e-05,365
"207","PRKCQ",0.0549200177528672,0.81484596837811,-0.000186506435365134,0.245628050330284,153,-0.000241860320903551,0.138542156586903,212,-0.000222628122400453,0.0552990631260945,365
"208","AC011446.2",1.5259983550655,0.217517344402059,2.21100966511525e-05,0.939506426976807,153,-0.000475010070458603,0.0775211091229434,212,-0.000290088876837607,0.145782961865641,365
"209","THEMIS",2.00716088653596,0.157420422114826,-0.000156130891065387,0.391327123756729,153,-0.00054806307661551,0.00502075082946152,212,-0.00039296349744913,0.00410150717626219,365
"210","PAQR3",0.0490000066723722,0.824937717929967,0.000157373181866037,0.436393913488138,153,0.000108418104200418,0.363125944533769,212,0.000126814760608646,0.2426068941602,365
"211","ALKBH8",0.00140375007582386,0.970133638209363,-2.9166931049597e-05,0.845038382489156,153,-3.67092797023563e-05,0.781274871470541,212,-3.80745985701177e-05,0.700132816866715,365
"212","CXorf65",0.0299797543170559,0.862633215776292,-0.000102696611029231,0.514246461897757,153,-0.000139472478105156,0.31810044786485,212,-0.000122820327009653,0.238660213199897,365
"213","SH2D1A",1.50815478633814,0.220220948748256,0.000213619920365299,0.34843499303614,153,-0.000151571775042395,0.42831470825816,212,-6.43126312140518e-06,0.964902138732027,365
"214","ITGB5",1.16804862963507,0.280524028711164,-5.43102379917183e-05,0.827215424893789,153,0.000241005583436292,0.104070973717199,212,0.000117611073064946,0.381065101395865,365
"215","EXT1",0.321285634497438,0.571188297473492,-0.000121840193720057,0.581101403485352,153,-0.000273721320261242,0.0929761425914931,212,-0.000215837539614481,0.101381531486392,365
"216","NR1D1",0.0317421547601436,0.858694680140677,-0.000244002601442533,0.151533056120762,153,-0.000206513230259204,0.113251244564257,212,-0.000219396251439944,0.0340463579723542,365
"217","BACE1",0.304344102302677,0.581513110455611,-0.000146957871636648,0.500337316657247,153,-0.000315121176485074,0.12450133851526,212,-0.000254920830773859,0.0896514577454776,365
"218","MZF1.AS1",0.00993036148021369,0.92067655953053,0.000143363240898166,0.495964909900379,153,0.000171359388806003,0.350298165305902,212,0.00015393316938376,0.264842182793992,365
"219","CAMKK1",0.0115644301793427,0.914421888240565,8.40561514871666e-05,0.56672609709516,153,6.44582188162787e-05,0.567605642674888,212,7.62094432104365e-05,0.394548176989666,365
"220","PLA2G15",0.165151196643022,0.68469834697389,0.000199145740574466,0.348240837067826,153,0.000304252684366166,0.0543540602738777,212,0.000265314279881894,0.0371311402056459,365
"221","THBS3",0.109469230426671,0.740941175050079,5.89559923940803e-05,0.741232568346172,153,0.000129048453189813,0.304910307380158,212,0.00010376074879483,0.318511306687527,365
"222","GEMIN5",0.0756255872721106,0.783472738979624,6.42204006668388e-05,0.718390562005522,153,1.74914733847312e-06,0.990275188077345,212,2.49343414765066e-05,0.822896336960583,365
"223","RNASEL",0.388080976624235,0.533703190007639,0.00015075703892925,0.418411185051768,153,0.000317663738298841,0.0830028746053486,212,0.000247991713527829,0.0597549079529047,365
"224","KCTD7",0.0387223527996546,0.844110470009441,8.38191963137456e-05,0.707272067938761,153,0.000134672986837967,0.367644663200914,212,0.0001118539888722,0.377599141743461,365
"225","DDX47",1.15444578959103,0.283338043592825,-0.000332752420844656,0.130744142625927,153,-5.44586114252961e-05,0.721575874547298,212,-0.000162618288872038,0.202187541339467,365
"226","HGH1",0.358323172830697,0.54981438462082,0.000231231487032206,0.126828640426675,153,0.000350225504727041,0.00691063724819245,212,0.000297643658787011,0.0024496523214862,365
"227","HLA.G",0.0968803652075167,0.755785590748572,0.000777400221581473,0.0548572753397536,153,0.000582596225956049,0.188360590729379,212,0.000644930711772306,0.0366277333233629,365
"228","RINT1",0.355663998341857,0.551298031008949,9.4478492309847e-05,0.596928718795912,153,-3.89266257331681e-05,0.779893849043377,212,1.55102335569975e-05,0.887560068653213,365
"229","BDH1",0.0575284503523671,0.810581983107522,-0.000222967847715209,0.14583673943404,153,-0.000279968142927974,0.09639902014187,212,-0.000263903168646875,0.0244595720780037,365
"230","TRDC",0.922816523202942,0.337379497305197,0.00024166657704034,0.611631163975573,153,-0.000287204964204993,0.366736543124248,212,-5.79578838958884e-05,0.830515248638534,365
"231","TAF4B",0.211777742155252,0.645654638831387,0.000112027376273169,0.422979001910161,153,2.49951153328233e-05,0.840871938666621,212,5.8675345971344e-05,0.527126132626524,365
"232","MIR762HG",0.644590599175361,0.422581606537855,-1.12677920112424e-05,0.951175998719994,153,-0.000178729761609149,0.129507846534513,212,-0.000111664116973542,0.275620106825474,365
"233","GPR132",0.171508584240108,0.679020495600962,0.000102058867073844,0.59341624588235,153,0.000211811327042071,0.232162160845599,212,0.000171071906500535,0.188858683569884,365
"234","S1PR5",1.12548369060114,0.289449969158143,0.000834264763360949,0.0269533487546162,153,0.000266185406039532,0.464717611901553,212,0.000498620626501889,0.0584681073164769,365
"235","CD200R1",0.128304091797862,0.720406294501311,0.000224156120314385,0.435257610870079,153,0.000372486797720625,0.188292583957671,212,0.00030259764567133,0.137405446069463,365
"236","TRMT1L",0.232275662017363,0.630133621847432,1.172917497316e-05,0.960703111226021,153,0.0001586231734554,0.411660955559389,212,9.48810433588885e-05,0.52583075700386,365
"237","TEX30",0.0185442444067987,0.891757062883318,3.97655341074658e-05,0.817488612287326,153,1.15466290290893e-05,0.926099491658201,212,2.3766426695885e-05,0.815007406703008,365
"238","ZNF784",0.0380497021732161,0.845453106620615,-0.000177327135182014,0.288912788417096,153,-0.000219774120327329,0.116686432007158,212,-0.000202038472658518,0.0588264004105515,365
"239","CCL3",4.65010435732182,0.0317115830144797,0.00212152901512835,0.0106425243819867,153,0.000102077860079376,0.847681768617239,212,0.000930524376230147,0.044580429509503,365
"240","FCGBP",1.65715793630144,0.198812211148171,-0.000208813149019803,0.315845433789622,153,-0.00061477572223387,0.0057043395653625,212,-0.000460244338366451,0.0032903365692142,365
"241","ZNF182",0.0254770933183193,0.873273270501094,3.9428531715987e-05,0.8089737996088,153,7.96360679289086e-05,0.653549919598508,212,5.1498774846924e-05,0.679081755857621,365
"242","TGFBR3",3.62338122341025,0.0577680321830429,0.00064158987679235,0.0550609053821257,153,-7.1505668408018e-05,0.733127973010367,212,0.00022807432121512,0.217806787627638,365
"243","KRBOX4",1.29696367175409,0.255523747013945,-0.000173910912634649,0.309606610463568,153,0.000108094601046653,0.52342936999026,212,-1.10891402497271e-05,0.927403065624172,365
"244","HERC6",0.151871478616172,0.696983091906103,-5.05211214186884e-05,0.774637026475469,153,4.02946859787367e-05,0.789505155999189,212,-8.70325449879474e-06,0.939856770217328,365
"245","ZKSCAN8",0.294260956976231,0.587837568825053,0.00017252288122716,0.384377552304192,153,3.05805652619252e-05,0.856816698393185,212,9.01680883096187e-05,0.482413786370046,365
"246","WARS2",0.152687022991597,0.696211148707031,-1.26234346494748e-05,0.937327076381007,153,8.32768813182668e-05,0.628491169472435,212,3.72251541309337e-05,0.757728346575364,365
"247","GRPEL2",0.0121648527975628,0.912237194238643,-2.15079601454296e-05,0.884610445889373,153,-4.20350560161108e-05,0.71739936562563,212,-3.64058677355334e-05,0.690099595506695,365
"248","SHMT1",0.106884424005061,0.743908920932434,-2.36252680723329e-05,0.898303009970978,153,4.66396564519896e-05,0.708540308417385,212,2.89397030460209e-05,0.785602029141681,365
"249","AC005726.1",1.94011485979685,0.164513234757633,7.3344394293442e-05,0.697901664160012,153,0.000448460011085313,0.0147438699068511,212,0.000289191627362452,0.0297216608481626,365
"250","NELL2",0.0919699780358337,0.761862209875783,-0.00112392658695824,4.51805914410122e-05,153,-0.00125130107700026,3.7815198510391e-05,212,-0.00121235154102647,9.76904783374928e-09,365
"251","ADGRG6",0.00663176646783841,0.935140622041555,0.000159818882544514,0.380039953792955,153,0.000180173327134652,0.278525257632153,212,0.000165726315851316,0.177643197924756,365
"252","BORCS5",0.508881984775795,0.476084132976261,0.000158057251753698,0.31642693039603,153,2.02340278504112e-06,0.988955383751962,212,6.99151753740266e-05,0.515297442725508,365
"253","AC005261.1",2.91665134242836,0.0885293356776825,-0.000316708215804114,0.0950234209367539,153,9.03844776389215e-05,0.545212280081408,212,-7.35343532643436e-05,0.531006747793599,365
"254","P2RY1",0.932962171741035,0.334741000395987,0.000190856334130443,0.207844660772505,153,0.000392562693519573,0.00518995504993975,212,0.000304286983517668,0.00325468067984154,365
"255","RNASE4",3.06928675710938,0.0806335534952575,0.000156181172152216,0.471287389141992,153,-0.000353909092152206,0.0646365941190527,212,-0.000152435702631475,0.288842321555884,365
"256","FCHO2",0.934697178970913,0.334292565762493,-0.000194775480999032,0.292664793211992,153,5.61399342367294e-05,0.747786013239648,212,-5.30839277524199e-05,0.677652599144598,365
"257","UNKL",0.135656120040328,0.712854066797333,-0.00020016348779524,0.348079897295655,153,-0.000103606035876775,0.519639109536527,212,-0.000142622741972885,0.267521677090325,365
"258","AC004817.3",0.489564641798226,0.484572182548289,-7.02794990338092e-05,0.871720178542842,153,0.000332121007655691,0.373180744297602,212,0.000158265309932551,0.575221652916081,365
"259","LRRC8B",0.013961046802197,0.906009076022602,-5.39178146078515e-05,0.790822940153036,153,-2.49953262908915e-05,0.86519964230103,212,-3.77240991423251e-05,0.753228980553113,365
"260","ZNF605",0.0867615224147398,0.768504607115709,0.000111742549101744,0.57259607962523,153,0.000185353038375295,0.237313463658045,212,0.000153685362615669,0.210210200353559,365
"261","KLHL17",0.0570416190136325,0.811369927390184,6.49037845618273e-05,0.707680882325895,153,3.61208060455657e-06,0.983761570574913,212,2.75557417109517e-05,0.826624823246749,365
"262","TRGC2",0.726301082846528,0.394649809174354,0.000216372621993693,0.415517036478062,153,-8.42781913066942e-05,0.713409639488484,212,2.16759809986904e-05,0.901169166728357,365
"263","MTMR2",3.1506715110452,0.0767382786762497,0.000383761326179291,0.0699033656257862,153,-3.72228828959129e-05,0.779029805299972,212,0.000134042811392659,0.251379277626354,365
"264","MZF1",0.00420274465433669,0.948346370226256,-9.86533323110781e-05,0.688825522934415,153,-0.000115264855665488,0.364480295923064,212,-9.66074640294714e-05,0.445570981429835,365
"265","USF1",0.226748485019126,0.634233387582075,-0.000259800571253611,0.301308585188812,153,-0.000118432400561622,0.500055562122022,212,-0.000170681029387591,0.241999050261475,365
"266","CCDC51",0.0109466866215611,0.916730358938298,-8.3881262909703e-05,0.588035322369982,153,-6.22722986835608e-05,0.643895090932616,212,-7.14664612706083e-05,0.480366270968151,365
"267","BBS7",0.0397954743091675,0.841993321283907,8.47541665849173e-05,0.566533634162064,153,4.55093499041098e-05,0.722383190936901,212,6.58788373309835e-05,0.495412321338953,365
"268","ZNF185",1.82932751312338,0.177053567641753,2.31544562128798e-05,0.898648327175775,153,-0.000308310998190981,0.056357543565391,212,-0.000160851787113432,0.186093894801724,365
"269","CEP128",2.82379865956396,0.0937413956133936,0.000375581705561442,0.0518788790979879,153,-6.23197754722281e-05,0.716819572775895,212,0.000112506598068518,0.380928526612453,365
"270","GOLGA8O",0.485290533637164,0.48648395442229,-1.17817413040813e-05,0.941475319143385,153,0.000170012290188392,0.364995951641833,212,8.53811649548868e-05,0.507351146146705,365
"271","TRAF3IP1",0.73242878054831,0.392664730555049,-6.69030831533865e-05,0.713246698602233,153,0.000125858926270406,0.365091599132419,212,4.43255954642235e-05,0.688548356847708,365
"272","LINC01871",2.29316804083751,0.130819471239825,0.000417227777611133,0.385436258935551,153,-0.000639893177410615,0.181732722669111,212,-0.000203227090347128,0.553967336396345,365
"273","TOP3B",0.00482460775358371,0.944662410249092,9.78707312478195e-05,0.404691424291404,153,8.55227356330494e-05,0.491167471488339,212,8.95068579303454e-05,0.30472745731143,365
"274","RNF25",1.73369518333262,0.188774949354437,-9.73418122676855e-05,0.533844799517121,153,0.000149797416799997,0.184135349643587,212,5.20572572373008e-05,0.572907444292089,365
"275","CCDC142",0.0168832053580775,0.896689914112375,-0.000215869632478199,0.329592068359027,153,-0.000255095479030486,0.202440131933457,212,-0.000242518481084807,0.10201728920922,365
"276","TAF9B",0.0798803985822377,0.777621536751622,3.48525622641716e-05,0.793810683948715,153,9.02521110928122e-05,0.503981367312449,212,6.75968815916382e-05,0.481885517208722,365
"277","CCL4",6.61061608071074,0.0105370745080406,0.00208756193921719,0.00105563066061549,153,0.000207809682238159,0.626067527605134,212,0.000994993119507544,0.00632724694002052,365
"278","NUP43",0.0067257079639013,0.934683883115419,0.000200792937270601,0.174768066772293,153,0.000183928813804913,0.182623577737457,212,0.000187224911211238,0.0641584610553216,365
"279","CLYBL",0.742486527821324,0.389437507240392,8.61532029617232e-05,0.701080256530865,153,0.000301087583901161,0.0290765804238585,212,0.000218175792409359,0.0756814984079564,365
"280","DNAJC27",1.29446760785843,0.255980808824014,0.00017412370905396,0.186283928229383,153,-4.34719827466925e-05,0.740192214475606,212,3.66238452767148e-05,0.698794770550577,365
"281","EXOSC3",0.824898768576635,0.364357671535215,0.000108449790861433,0.592932684435953,153,0.000362348660113395,0.0524868043890708,212,0.000265371413794928,0.0541702230347934,365
"282","ASNS",0.471944703962618,0.492534937207207,-5.69575068059523e-05,0.699405036288867,153,-0.000205815612914694,0.16866673561816,212,-0.000146487851782622,0.168712809856855,365
"283","IQCH.AS1",0.856784603139634,0.355258418533798,3.38721790942377e-05,0.845072669337581,153,0.000228650795132789,0.0740707977649954,212,0.000146365405624966,0.157194273512421,365
"284","ZSCAN30",0.227013673415083,0.634035290922796,-0.0001030347286955,0.414429967934182,153,-0.000191811211961938,0.13693246792875,212,-0.000155239437348376,0.0898999292957302,365
"285","ATF3",2.13533601398096,0.14480877060719,0.0010037774972355,0.256913073332729,153,-0.000857305288117583,0.324177806347015,212,-0.000134362595712665,0.830602485292956,365
"286","AC018647.2",2.09111330433482,0.149025682246183,0.000199734533091856,0.216529482797148,153,-0.000132099991885909,0.395880791293657,212,-7.65653151834469e-07,0.994590871844672,365
"287","PRC1",0.677077219743538,0.411138194164216,-8.37324587095258e-05,0.690813072594437,153,0.000125220602801578,0.413533840459742,212,4.12031122474417e-05,0.740892476904532,365
"288","ADAMTSL4.AS1",1.80633200242205,0.179792908415495,-4.23687191839636e-05,0.772699971249884,153,0.0001901242799123,0.0632497230934277,212,9.71097200577169e-05,0.25390173224947,365
"289","FAM120C",0.14011201853851,0.70838944401514,8.18393534305384e-06,0.950154147618236,153,-6.55926556623595e-05,0.632817374991873,212,-3.6265232130689e-05,0.707464680846474,365
"290","NLE1",0.156809384356061,0.692345127288688,-0.000251108216703242,0.190839289437095,153,-0.000148175438979191,0.387732514168604,212,-0.00019535350302379,0.126439540366707,365
"291","AC067930.1",0.13977867440469,0.708720617805566,-7.73458251688905e-05,0.751327104902344,153,3.85007950795644e-05,0.843505184677667,212,-1.67792686204439e-05,0.912260312526062,365
"292","ZW10",0.48617802936156,0.4860859578603,-0.000154897435374006,0.41862238123835,153,2.81822948484522e-06,0.983173345208049,212,-5.85437942701578e-05,0.598021608016439,365
"293","IL1R1",0.271709266343911,0.602507090991113,-7.45149571869213e-05,0.697069271440024,153,5.73902751679396e-05,0.726449152041737,212,8.36080872135276e-06,0.94634934160567,365
"294","PLK2",0.000258189595867217,0.987188796407058,-0.00124869638253402,0.0194359814106369,153,-0.00126014310298163,0.00746716191682223,212,-0.00125684930270929,0.000359751096508381,365
"295","IL15",0.165667718987013,0.684232322262813,2.53586569840385e-05,0.888702462947823,153,-7.46134423371889e-05,0.64473347219956,212,-3.41844747709922e-05,0.776509382865266,365
"296","NCOA5",1.04849617654702,0.3065393436381,0.000149448766715329,0.547802082654905,153,0.000440348462623088,0.00697135806214193,212,0.000324383652967427,0.0205173662218531,365
"297","B3GNT5",0.0636909031987539,0.800898275746374,-0.000187197773338735,0.667522384058216,153,-4.47561867965991e-05,0.901233554495287,212,-0.000116907961082312,0.673357617078418,365
"298","BTBD3",0.010488168454275,0.91848671243767,6.12803138071862e-05,0.663046780860848,153,8.28172961699446e-05,0.570722786379586,212,7.43091116485519e-05,0.471127422854106,365
"299","ZFYVE26",0.000285776360057719,0.98652180572563,-9.11632634446592e-05,0.544269644787653,153,-9.5024405546642e-05,0.552094518545919,212,-9.6163317012876e-05,0.390838182579682,365
"300","P2RY6",2.41191225436801,0.12129140533678,0.000366497664367861,0.0834730906877402,153,0.000804924444524628,1.98569691907313e-05,212,0.00061971234993421,1.09903212035742e-05,365
"301","RTL8A",0.736097428058687,0.391483138643129,0.000217620848834341,0.195105257827064,153,2.09334449963753e-05,0.890386945993261,212,9.95576340271659e-05,0.376446106589752,365
"302","AC018362.1",3.53844096265434,0.0607664156707453,1.00766920559506e-05,0.943376608508829,153,0.000407087487061171,0.00578395279171946,212,0.000235359413073442,0.0251385063071569,365
"303","FP565260.6",0.315447736573235,0.574704827154549,-9.00189916081935e-05,0.575467350655298,153,-0.000222237396901297,0.170705871601754,212,-0.000171906271682379,0.137386157211716,365
"304","AC025165.2",0.477344736808546,0.490071517472402,-4.80565229361349e-06,0.978762035916092,153,-0.000173566470771098,0.280795185324672,212,-0.000110275780069377,0.358546798799425,365
"305","DNAJC16",1.20854742192467,0.272352582872032,-0.000239164626120453,0.463719883773188,153,0.000127448584128014,0.425377011323975,212,-2.03582235009946e-05,0.901057646960783,365
"306","ERVK13.1",0.0202185995795836,0.887007577066193,-0.000148105181954059,0.353187220144526,153,-0.00011752134696271,0.406036686583066,212,-0.000127904792212701,0.225682884210736,365
"307","PCGF6",0.326844822034881,0.567878691675357,0.000151642686938403,0.228043852609319,153,3.74549330678595e-05,0.792473394441422,212,7.5428627472529e-05,0.444570549844043,365
"308","LINC00909",0.557900869211417,0.455593441184721,0.000130194791266974,0.346450439624464,153,-4.34087864667974e-05,0.797301757348553,212,1.97665306976245e-05,0.862913449989457,365
"309","SEPTIN8",0.0223541956369525,0.881232190156628,0.000249670016466118,0.071446041818572,153,0.000217363352182107,0.156727950076035,212,0.000223683526051558,0.0359345084899779,365
"310","FPR3",4.23435016637183,0.0403314011206388,9.89977382497017e-05,0.780329314459467,153,0.00108152984650689,0.000655255472662572,212,0.000659335554120054,0.00566417596275448,365
"311","TRMT12",0.0320568349733979,0.858003418557084,0.000126234911963474,0.370537398809008,153,9.22428275950393e-05,0.459562110819088,212,0.000106174981714094,0.254318048836355,365
"312","CLDN15",0.511142201181346,0.475106910720328,-0.000225373208329778,0.275123687044946,153,-3.69058990092657e-05,0.8249473475962,212,-0.000120710235556779,0.352011409028751,365
"313","AMBRA1",0.34605679658735,0.556721656751923,6.73580457414824e-05,0.690788496130441,153,-5.99359100671783e-05,0.661575871607972,212,-9.52969313719662e-06,0.928454099943546,365
"314","L3HYPDH",0.840661109011873,0.359819868714538,2.56835200399036e-05,0.883700355068072,153,-0.000176509717928617,0.20047791967279,212,-9.28667785708852e-05,0.391074331193987,365
"315","AL392172.1",5.23187445618641,0.0227545806543682,-0.000244248030310412,0.115921549312891,153,0.000260030573537429,0.0829557749395716,212,5.70630858118322e-05,0.600391885114244,365
"316","ZDHHC13",0.703407502562567,0.402196081774099,5.3822774748396e-06,0.967038723984923,153,-0.000174439835861219,0.260259605141512,212,-0.00011006423593275,0.298963165226635,365
"317","DAG1",0.512314391875995,0.474601390345067,2.43089257398576e-05,0.882618787254516,153,0.000154714122016825,0.121362540818361,212,0.000102860986196267,0.250246177668147,365
"318","PLEKHA8",1.47694424699134,0.225047441590274,-5.23200675170161e-05,0.79636363330736,153,0.000235149073188929,0.0890708504072203,212,0.000119630722183421,0.303599478201078,365
"319","NUFIP1",1.03891021815247,0.308757649990069,8.13035589608299e-05,0.715524440871406,153,-0.000190695213534221,0.232690050150356,212,-7.07043934261609e-05,0.590950481299805,365
"320","FAM98A",0.153216090691536,0.69571163681971,-0.000119913940769025,0.504449516952233,153,-2.93665740347887e-05,0.841910004588074,212,-6.40432770576036e-05,0.572486439023422,365
"321","ANO9",0.289736745598924,0.590720995589589,-0.000323889747880884,0.118587494732508,153,-0.00017886797917808,0.301528556221113,212,-0.000243894571273647,0.0659572051289759,365
"322","GSKIP",2.61776821999473,0.106546336066436,0.0002379251158243,0.247751890905702,153,-0.000263861627030276,0.223233346336578,212,-6.75148713774074e-05,0.659041107540082,365
"323","C1orf21",1.67814191289435,0.195999282889074,0.000444455189586519,0.0947604568193929,153,3.29255059673369e-05,0.862711339273407,212,0.00020588163613164,0.188025029595435,365
"324","ZNF564",0.0370226494243151,0.847527133763537,-6.27329444205146e-05,0.641304590821636,153,-0.000100638117865149,0.457516929696463,212,-9.55400888512466e-05,0.327737607697895,365
"325","TRPM2",1.14340774522427,0.285647862475756,8.37600785702717e-05,0.603099631212611,153,-0.000202965088232698,0.296755240589509,212,-9.15705883601505e-05,0.487530170155606,365
"326","DNAL1",0.00891980348028144,0.924808298523957,6.38080263692649e-05,0.689884399380369,153,4.60305414102199e-05,0.677660280302925,212,5.61768719264895e-05,0.543053231550949,365
"327","ARMCX5",1.38725181789629,0.239645617600936,5.33610402377075e-05,0.723395002583368,153,-0.000197045138350538,0.170124934472215,212,-9.70420295081167e-05,0.353129368687375,365
"328","SCFD2",0.183148321695665,0.668936659974252,5.5965123421996e-05,0.761301798856896,153,0.000174993422901035,0.367342321938834,212,0.000122481967453764,0.36967340872096,365
"329","SMAD7",2.19400644935429,0.139420795021043,0.000728673618797636,0.0398312352518414,153,7.19571408974631e-06,0.982325916249856,212,0.000274982704048655,0.256544142398628,365
"330","AL121985.1",0.0980371708927998,0.754378757430275,0.000213701831140559,0.297889220457455,153,0.000122314368936242,0.536511915913048,212,0.00015669573127235,0.274013780245262,365
"331","NBPF10",0.693011893617299,0.40569218098399,0.000766850295127377,0.0308254328894392,153,0.000353269327846401,0.29203155838041,212,0.000502858882857564,0.0407883227835687,365
"332","AL391069.2",0.981755693900362,0.322429389086797,-2.02337211928284e-05,0.915463363356817,153,0.000217348833752865,0.147833362519721,212,0.000123293316772024,0.295439314872242,365
"333","FCGR1A",0.00739189763355825,0.931533044170876,4.50387068259392e-05,0.916992380160986,153,9.08450842539932e-05,0.781395296148874,212,6.65538318684027e-05,0.798921209050582,365
"334","PPP1R12B",0.97602319405197,0.3238442832901,0.000301687528641321,0.0872529053421774,153,7.4321863577097e-05,0.616322681549569,212,0.000167321767529555,0.139115928045828,365
"335","PPME1",0.252697770191397,0.615488388947254,-0.000104628013778876,0.416444673120882,153,-1.22138670186508e-05,0.922051223144609,212,-5.25320401739229e-05,0.560411376095887,365
"336","CTSK",0.00156248904676931,0.968491016217101,-6.16600032723647e-05,0.691723913679467,153,-7.01821892874582e-05,0.625995594158967,212,-6.38222174762674e-05,0.546237844046908,365
"337","HIST2H2AC",0.343036467854626,0.558447701383271,-0.000185408099670194,0.382144691057221,153,-0.000343504217609306,0.0447456274624182,212,-0.000276777816125312,0.0371382779959957,365
"338","KLRF1",4.24967023869661,0.0399734873351,0.00116818137409711,0.00239290970079142,153,0.000211751732290061,0.455235445262862,212,0.000616163795175689,0.00754463037036481,365
"339","CARF",0.0461435269557442,0.830036404836943,5.9298371910581e-05,0.740975711578104,153,0.000108579833235244,0.454920377600131,212,9.13369489189167e-05,0.41715465558942,365
"340","C12orf73",5.50953715571058e-05,0.994081756046435,-7.77008253721219e-05,0.637882562003013,153,-7.93648229170142e-05,0.591546800947308,212,-8.04177046103326e-05,0.464509787747102,365
"341","FAM229A",0.592103431990192,0.442110065687478,-0.000183156517948525,0.345348866212714,153,-8.58106171271801e-06,0.948419843371359,212,-7.48224198826595e-05,0.50230568615182,365
"342","CRIP3",0.00179576394464641,0.966222025636564,-0.00018743494297215,0.559302477481149,153,-0.000169912133048442,0.518784817677955,212,-0.000166188498090156,0.413648524301822,365
"343","ZNF275",0.586860423891446,0.444136357264712,0.000165938709802764,0.34638501077864,153,-6.4663080773419e-06,0.963789098733864,212,6.37815221849122e-05,0.563523906669792,365
"344","SLC26A11",0.857964807100417,0.354927660684008,-0.000198325447472078,0.237740718929821,153,3.37926337664727e-05,0.845987586689186,212,-7.16166620015126e-05,0.562997069828583,365
"345","TCFL5",0.255230538595717,0.613724223755771,-7.68242085357755e-06,0.945634280796455,153,-9.45753552565258e-05,0.43292618285561,212,-6.31402813622149e-05,0.455134899136304,365
"346","CCDC149",0.069020724367405,0.792917841665352,0.000108728568329868,0.41692398940128,153,5.53098990428988e-05,0.697331412945614,212,7.3029112411957e-05,0.46457622678892,365
"347","CCR1",0.202510444480457,0.652972177619147,0.000680746560115176,0.235172598794949,153,0.00103291719458615,0.0473225851890462,212,0.000874404940800645,0.0233334559550974,365
"348","GNB1L",0.292563965302055,0.588915735863048,-3.04967671294431e-05,0.837258877572862,153,-0.000132200038797579,0.263715092251734,212,-9.22313918359163e-05,0.317592715410495,365
"349","MKS1",0.66267703527514,0.416153068618402,2.10016557392795e-05,0.886557835314866,153,-0.000128270185569054,0.259758129213826,212,-6.53615968074651e-05,0.467838279209537,365
"350","CCDC61",0.0164806473060418,0.897922140016226,-7.0868579522382e-05,0.651696473460307,153,-9.71431620122389e-05,0.459987326969989,212,-8.70955887260009e-05,0.385554025046268,365
"351","LINC00672",0.0679862231642991,0.794440393621245,-0.000121097510847906,0.522383873802248,153,-6.08389495665236e-05,0.66583767539407,212,-8.16616160879843e-05,0.471599762371222,365
"352","AC092069.1",0.434737181197021,0.51009396941178,0.000236584206144895,0.404485820864189,153,0.000481441300717124,0.0451399547968731,212,0.00037420345926215,0.0407782202624004,365
"353","EEPD1",6.52397965688432,0.011052888351854,0.000354146738953099,0.0214456281459698,153,-0.000186419263759851,0.188004394859794,212,2.89113276007095e-05,0.782894482267709,365
"354","SLC10A7",0.440246783895091,0.507426854031787,-0.000181737414480106,0.264551042673782,153,-4.85731700031325e-05,0.694043746940893,212,-9.86873330812191e-05,0.317191270944778,365
"355","COQ10A",2.35028052057974,0.126136334950018,-0.000212632023711679,0.213242135590472,153,0.0001100125196366,0.396020689318574,212,-1.52605424985345e-05,0.883178136442282,365
"356","HAPLN3",0.660441298104967,0.416939795705594,-0.000374979705215687,0.126141189424892,153,-0.000122679267393483,0.530678177780795,212,-0.00021418137590133,0.162352662034928,365
"357","BICD1",0.187941955756771,0.664893994187651,-0.000116006947558305,0.531745788959262,153,-1.32008962023363e-05,0.929919884463692,212,-5.88734152726543e-05,0.612970316943616,365
"358","METTL2A",0.00181317624241729,0.966058758455442,8.36955698234397e-06,0.97106807104799,153,-2.90686461867242e-06,0.984688890923312,212,6.53338844395864e-06,0.959905650273151,365
"359","ZNF514",0.12856523069665,0.720133912565887,-0.000256263266537841,0.225723013363749,153,-0.000150861507465922,0.443636795170763,212,-0.000192036766818377,0.183262977372779,365
"360","GNG11",0.588437436266713,0.443525373325635,-0.00209288912569929,0.00228374516746942,153,-0.00128752914200951,0.0834790635037938,212,-0.00164424248068811,0.00156466093661441,365
"361","RUFY2",0.0154848729034411,0.901037566405925,0.000208619535590794,0.326251915081044,153,0.000175806645754768,0.281787219449706,212,0.000185486418622953,0.152132132510282,365
"362","SPATC1L",0.162892166094346,0.686746565341446,-7.49334801990896e-05,0.625875496731663,153,2.56478432354404e-06,0.982853246816437,212,-2.95063685981493e-05,0.753966132839439,365
"363","KIAA1586",3.04961874131221,0.0816066737366939,-0.000281574120749208,0.102754800710432,153,0.000143927282671989,0.382744434947427,212,-2.97158205459546e-05,0.804314577368493,365
"364","AP1S3",0.402370150567255,0.526269499527352,-3.69061841968328e-05,0.844109205237865,153,0.000134949970050274,0.465760656886967,212,6.54807643131577e-05,0.622198262972412,365
"365","PEAK1",0.509894696024856,0.475645874803906,-0.000138016915385639,0.446740523174323,153,-0.00030193518351184,0.0372618271413945,212,-0.000236162702585893,0.0365319946833807,365
"366","CLUAP1",0.65363829842546,0.419347353185256,-0.000139746917242685,0.371186895903944,153,5.9077329551851e-05,0.735112177960778,212,-3.35085421131282e-05,0.782903298191182,365
"367","LDAH",0.19608179616077,0.658167484888198,-4.74938077489169e-05,0.78584059997583,153,5.1226472273457e-05,0.716061903145376,212,1.04717825184892e-05,0.923675885083606,365
"368","KATNB1",1.4668454935649e-05,0.996946271483094,-8.25188398086657e-05,0.752571637266581,153,-8.14684482836805e-05,0.554303435388897,212,-7.87448730888974e-05,0.558302509442562,365
"369","ANKS3",0.359341236563455,0.549248350972369,-3.9941308371446e-05,0.806689627051784,153,-0.000175462983050844,0.24554373136697,212,-0.000116872309494104,0.292533416222076,365
"370","SPRTN",0.404163586995155,0.525349606072025,-1.30223722483866e-05,0.921451341200703,153,0.000113613262137175,0.413519593585736,212,5.8144926735159e-05,0.552323575741653,365
"371","IFI6",0.289703597468927,0.590742228917619,-0.000380619537784125,0.668974372940355,153,0.000412955938472643,0.698599409184458,212,-1.42347721222783e-05,0.984569242130187,365
"372","RSKR",0.394237200676172,0.53047749626224,2.68462394730533e-05,0.840634104204421,153,-7.99054409326627e-05,0.456569481411905,212,-3.27322300526454e-05,0.695141154328848,365
"373","TRIM21",2.95572960314833,0.0864308760296415,9.40096273447018e-05,0.721809015411737,153,0.000629991091359398,0.000729442784947835,212,0.000417350878383577,0.0068829828443207,365
"374","POLN",0.0101030124250169,0.919992271118802,-0.000122778127914523,0.290708867470613,153,-0.000141488270794178,0.28837257651518,212,-0.000140430035863033,0.126126366339087,365
"375","EGR1",2.88967055372495,0.0900105018260148,0.00220093470677086,0.015534687970466,153,4.56807999158486e-05,0.957327534801131,212,0.00090142836048501,0.14965606398323,365
"376","KBTBD4",1.42180070969686,0.23389043154231,0.000110391786620435,0.565146916971054,153,-0.000156304642317796,0.230848752739493,212,-4.87412907966539e-05,0.657320041304492,365
"377","INO80C",0.260762222795179,0.609909096678712,-7.20468384209842e-05,0.706480558808207,153,4.91568649006377e-05,0.737487101583266,212,8.30640156791028e-07,0.994305714863093,365
"378","EEF2KMT",0.960498194757984,0.32771771824646,0.000287926669424103,0.0298639277109178,153,0.000103181673272522,0.421142765088079,212,0.000171485736492256,0.0658504748223429,365
"379","ZCCHC14",3.12159240697806,0.0781061993142216,-0.000499745443512041,0.0077166187564024,153,-9.05488371795949e-05,0.529378950603317,212,-0.000258637022693839,0.0237928373388299,365
"380","RARG",0.335310252857857,0.562909954856378,-2.10491931342868e-06,0.989797108251802,153,0.000108530468087018,0.327399246276459,212,6.4022628069779e-05,0.494546843258865,365
"381","SSH3",2.50238059605639,0.114550040269661,8.01213134638236e-05,0.667566923168252,153,-0.000253523865413989,0.0334422963926812,212,-0.000110645702959874,0.288274632179734,365
"382","PARP16",1.49560514548687,0.222146572829464,-0.000160523762073426,0.433351135354199,153,0.000150031687594287,0.339354109871812,212,2.16153529821394e-05,0.862433525564878,365
"383","RAVER2",0.0558166937662006,0.813368350027693,2.0646183078623e-05,0.900063958705197,153,8.28347911979604e-05,0.659621923554355,212,4.6329575659711e-05,0.721334450325103,365
"384","MIS18A",0.0243149996929022,0.8761732465585,0.000122631043568936,0.506474537986177,153,8.34866908571586e-05,0.614592510922356,212,0.000105516613001799,0.392406853054289,365
"385","AL121603.2",0.373832722400995,0.541307304947183,-0.000190277279057753,0.20694205655528,153,-5.85928055996309e-05,0.689023820355249,212,-0.000114765254879175,0.277825117781653,365
"386","IL10RB.DT",0.861915753165537,0.353823458681387,0.000255054576115394,0.0918064676216202,153,6.8408797874302e-05,0.60205709905227,212,0.000140189300120015,0.156642781954381,365
"387","ADGRL1",0.805482858065564,0.3700572713611,-0.000280230451420553,0.167690009499415,153,-6.34886591433691e-05,0.659180313676359,212,-0.000153445077568443,0.195931646400853,365
"388","FBXO46",0.0393871753935809,0.842795310466773,7.3890275694551e-05,0.675223930332203,153,0.000116853039756939,0.378377664396285,212,9.95887245934555e-05,0.348264015835512,365
"389","FADD",1.61400058941234,0.204748505669891,0.000133966168782385,0.577130485627133,153,0.000493876829475,0.00341635933893823,212,0.000354264161411704,0.0114688938084223,365
"390","TPM2",0.299159945291193,0.584747472358134,-0.000129295789041245,0.519411810992621,153,-0.000283641555733885,0.136470283282975,212,-0.000227055387420005,0.102106272458408,365
"391","METTL25",0.575597307319677,0.448538274426388,-0.000136691017488382,0.470758172260349,153,3.11996452736354e-05,0.809124191264743,212,-3.59397067365782e-05,0.74063684180429,365
"392","PADI4",3.46809300157152,0.0633756324451073,-8.19783052144412e-05,0.6495236413533,153,-0.000597184046061192,0.00236190750358347,212,-0.000380437603667679,0.00556997652807958,365
"393","AL353807.5",1.07677378847673,0.300114945019296,0.000316753549484308,0.0350856290112955,153,0.000102111955433867,0.459935095233587,212,0.000183171621985187,0.072933588888999,365
"394","ABCA2",1.08610108205737,0.29803411434648,-0.00012887071435261,0.480139235781468,153,9.56749041822051e-05,0.452217559909765,212,8.89221009388362e-06,0.933126137506071,365
"395","INPP5A",0.0499090563666593,0.823347961086484,7.98647331568258e-06,0.963266516080312,153,5.32866337061711e-05,0.652789466915137,212,3.55264470168126e-05,0.7208065018901,365
"396","SH3RF1",0.0212932693554934,0.884064303356499,-1.73076159146642e-05,0.918776045150842,153,2.14077265048704e-05,0.909223274748227,212,-4.71011328381174e-06,0.971268883228743,365
"397","FMNL3",0.597012092623974,0.440225900511149,0.000186044402636503,0.243461890083523,153,-1.60098692306852e-05,0.932344192098136,212,5.89557622812758e-05,0.646877567999165,365
"398","ZNF358",0.0952057518907431,0.757838571069426,0.000101975929337717,0.559751406778885,153,2.3472366121218e-05,0.892926494215198,212,5.61551385990941e-05,0.652582448810296,365
"399","SLC5A3",0.406678069766653,0.524064688438042,0.000142340584869802,0.557127429375843,153,0.000339625798448327,0.0835093301822778,212,0.00025536751472914,0.0931471913210897,365
"400","MPZL2",0.00942890907894337,0.922698826532832,2.46367801792028e-05,0.917553712635136,153,5.35531568074293e-05,0.772534923153069,212,5.49285494162615e-05,0.708727689670743,365
"401","GSDMB",0.00207993150570773,0.963649291967606,-0.000368353973926798,0.0964645716711098,153,-0.0003561701465973,0.0283637709853635,212,-0.000359487854021888,0.00631636674981275,365
"402","SAMD4A",0.350713609074517,0.554080176103788,6.75622321827844e-05,0.70139113549535,153,-7.59902719171112e-05,0.637282532764476,212,-1.69236376749776e-05,0.886788224207084,365
"403","APBA2",0.231059658267096,0.631030395395403,-0.000407117252904056,0.0871051707647922,153,-0.000550891828943721,0.00362781357957359,212,-0.000496239727218686,0.000792733457089261,365
"404","RPP25",0.0491212389243204,0.824724816355059,0.000188234294665041,0.192331868151521,153,0.000145655546074514,0.245702004267355,212,0.000160898432926382,0.0883064546842185,365
"405","GKAP1",0.09790663632805,0.754537047518159,-0.000136257394719942,0.45999674831039,153,-6.21987213449052e-05,0.679038620147773,212,-8.58159338320198e-05,0.460995164898568,365
"406","PIGU",0.196049723712392,0.658193658222902,-0.000100601532927502,0.488463302607885,153,-0.000203290373141242,0.220309851634981,212,-0.000168886420083075,0.139601247537958,365
"407","AL592183.1",1.19408586294452,0.275235613405668,0.000121936994287436,0.627324526220195,153,-0.000255542360217522,0.26642184744603,212,-0.000104928037359515,0.536382047697353,365
"408","U62317.4",0.139385736719978,0.709111575804269,0.000264650953351863,0.226182173124345,153,0.000158200555436871,0.38861384168876,212,0.00019570283158772,0.162736625773426,365
"409","DLEU2",0.0248321167043334,0.874874215482107,-6.7638350705043e-05,0.676872686810552,153,-2.55875989515965e-05,0.89425453538405,212,-4.89225164916727e-05,0.708960061734233,365
"410","DYRK1B",1.00147790409319,0.317623471386231,-0.000101087617453393,0.560052619953791,153,0.000116497618520011,0.390368700130511,212,3.45364623571013e-05,0.747148581933046,365
"411","ZNF844",0.00131475271934832,0.971095469285137,-0.000183001665288297,0.293275148358435,153,-0.000192258682136204,0.274648831667307,212,-0.000195416910254297,0.11999322252236,365
"412","CDC42EP4",0.839414346540714,0.360175941685803,-2.93191604831603e-05,0.887830023111677,153,-0.000285614834610643,0.120501530582942,212,-0.00017463371010245,0.204664356985405,365
"413","AC064805.1",0.591906142364969,0.442186054249417,0.000218922264616225,0.453751592387513,153,0.000529287894049449,0.0499927245026588,212,0.000383487676734047,0.055221385698493,365
"414","KCTD6",0.159311689635082,0.690027029725966,0.000111728971300961,0.460921353652589,153,0.000188683410871558,0.121878772800119,212,0.000160778746075517,0.0899777049918678,365
"415","PIK3R6",5.58078703291866,0.0186884714426164,-0.000299893490008383,0.145458566882409,153,0.000290481753360574,0.0567912554057219,212,5.4060161956041e-05,0.661857285821582,365
"416","RNF185",3.73942989465921,0.053923994114765,-9.33593868720629e-05,0.544650729949259,153,0.000319192830185805,0.0258211090473135,212,0.000145959470230658,0.166266398940262,365
"417","MIR29B2CHG",0.0606838387785132,0.805558362332112,0.000283610877460709,0.165255267500431,153,0.000349301434363342,0.0428445128538737,212,0.000330255982092808,0.0121535636879786,365
"418","PUS3",0.00449377153408358,0.946590473657564,-4.61454258729612e-05,0.840666278943482,153,-2.63263710341546e-05,0.888704444352323,212,-3.01690408412906e-05,0.835210161308719,365
"419","CROT",1.24517575706326,0.26521810616736,-1.22213628549505e-06,0.994315736194419,153,0.00024171327780602,0.0787094823566046,212,0.000144903470161971,0.1759635594573,365
"420","ZNF525",0.00888123889130468,0.924970536492203,-1.48251666656615e-05,0.926957724582186,153,-3.40382268960665e-05,0.789666580941202,212,-2.54466058875204e-05,0.799011668873035,365
"421","NEU3",0.115840099921882,0.733788743481968,7.708900720626e-05,0.616531846054872,153,5.69021710844488e-06,0.96726629135875,212,3.5731206347219e-05,0.728289788223152,365
"422","DHRS13",0.0995302722913784,0.752576353424027,-0.000135489450845872,0.500102369328667,153,-4.33416433905959e-05,0.828542806980718,212,-8.21701901246987e-05,0.56615637895369,365
"423","SIRPB1",1.46547172046026,0.226853496189087,0.000420202656103077,0.261521072251952,153,-0.000173456063305486,0.583606667462799,212,5.7218892321453e-05,0.812614665164593,365
"424","SF3A2",1.26502672571552,0.261449012652333,-0.000355417821467633,0.128344781012748,153,-4.96942695836045e-05,0.753857683150021,212,-0.000164301886110146,0.221193238798591,365
"425","RARA.AS1",0.473024701920901,0.492040600594437,0.000303444028183521,0.114284463728333,153,0.000141111701212349,0.331243476080427,212,0.000207237101180277,0.0740584105054773,365
"426","EEF1AKNMT",0.008266607264917,0.927605882598988,0.000134048752322647,0.625728376536014,153,0.000164901489581752,0.430052072988753,212,0.000147129827947519,0.377043718287228,365
"427","TMEM204",0.0651284847755697,0.798711776305216,-4.30648409900504e-05,0.847215151228633,153,-0.000116882224388745,0.526995699645165,212,-8.83482186289806e-05,0.533368725497609,365
"428","ST7L",0.202672451008726,0.652842540426571,0.0001422171165034,0.396136999571776,153,0.000243939243212857,0.101377093379423,212,0.000198972338140801,0.0733564042334861,365
"429","ZNF500",1.60566409529133,0.20591920072934,0.000172546900413416,0.317643994479776,153,-0.000117473189859683,0.430040930884152,212,7.66135628360563e-06,0.94584339296512,365
"430","CRIP2",2.71630050582661,0.100197999450113,0.000229939958155604,0.237494921630102,153,0.000697991803612724,0.000423087509946564,212,0.000496807509357199,0.000449042828919335,365
"431","PARM1",5.56179156798603,0.0188891072072872,1.5293936771332e-05,0.928827733798096,153,0.000573978380987199,0.000346015607285044,212,0.000341574328363331,0.00374315629418716,365
"432","ZDHHC14",0.843816722877056,0.358920799795964,-0.000369186484528009,0.0589058168009717,153,-0.000116099576038506,0.533292645856683,212,-0.000222052907574859,0.101247381498478,365
"433","PRXL2B",1.09970290241628,0.29503286786377,-0.000117630676373352,0.497266871947227,153,9.71898957064663e-05,0.42252478185764,212,2.17705724263389e-05,0.8308270828572,365
"434","SCRN3",0.0816539119776212,0.77523235978518,-3.12929136785436e-06,0.983173070760454,153,5.28876703708882e-05,0.677129190765739,212,2.50904351744439e-05,0.794495570574713,365
"435","CD180",0.39638448445007,0.529360636703392,0.000955936200388321,0.0104946501458252,153,0.00129530484253149,0.000554673001178174,212,0.0011398444001713,2.20460317601236e-05,365
"436","ACOT2",1.26010243550743,0.262377731819179,0.000223988279315935,0.159636876299959,153,-4.25070966813339e-05,0.796492609396339,212,6.36870576833857e-05,0.585060554746785,365
"437","MPV17L2",0.177590246596768,0.673703182301951,-0.000302830327458516,0.176203903263001,153,-0.000192526338851275,0.210040816105613,212,-0.000232433602912516,0.0711306391724846,365
"438","C9orf139",2.11194322200184,0.14702233588702,0.000186363339538097,0.373026798053451,153,0.000549659886636602,0.000293658953940571,212,0.000389216848443219,0.00181356316216757,365
"439","APOBEC3F",0.0154145474060447,0.901261386025683,0.0001218267299985,0.373329555277462,153,0.000143264962745516,0.186630219981116,212,0.000135923662228721,0.108991520837164,365
"440","C7orf31",1.1190755107793,0.29082495589223,-1.14394480836173e-05,0.934411206269645,153,-0.000216085575717208,0.0961310782615657,212,-0.000130813655645936,0.169039771991873,365
"441","HIST2H2BE",0.00776240328653478,0.929842471221508,-0.00151564242268229,0.0010993191928244,153,-0.00156847524218319,7.01767234427181e-05,212,-0.00155421402626576,2.13486488660218e-07,365
"442","JHY",0.000228678076812441,0.987943119079921,0.00011852760588128,0.534263446007643,153,0.000122583895431702,0.497549985198024,212,0.00011586465537988,0.379053075994384,365
"443","RETREG1",0.0939829739875492,0.759350152587313,-0.000344730785556927,0.103575273082036,153,-0.000427507527254622,0.0131029748446778,212,-0.000397263363712458,0.00287256214164704,365
"444","SPRYD7",2.47131880670572,0.116816610546058,-4.24021745857614e-05,0.843630948699749,153,0.000352505677345708,0.0169404351833939,212,0.000193955435733391,0.117219858788025,365
"445","SLC25A17",1.24483105093358,0.265284151405164,-7.99288012721725e-06,0.962522884557784,153,0.000250038008429156,0.102421748640484,212,0.000141524315618446,0.21342990913853,365
"446","PPP2R5B",0.203556119916837,0.652136526125973,-0.000111785413996537,0.477703547995868,153,-0.000203799653892374,0.119081344576515,212,-0.000166074091946096,0.0973656991209598,365
"447","CCHCR1",0.0580970229981557,0.809666190302137,-3.75867619732925e-05,0.815168540503739,153,-9.19724197703752e-05,0.544470267923565,212,-6.91781083265883e-05,0.531783952513178,365
"448","PKP4",2.22076559178321,0.137038703164432,-0.000155334669315372,0.383271831545645,153,0.000161130605065062,0.204080202532515,212,3.73252430091225e-05,0.721388276842931,365
"449","ZDHHC1",0.497474791116514,0.481066627903826,0.000119144940301256,0.629038867763817,153,0.000335118249298997,0.0777997405842783,212,0.000249126814119502,0.0978600178492515,365
"450","KDM7A.DT",0.60261934382372,0.438088669520945,0.000417011552231386,0.0338698106733509,153,0.000241649368115487,0.0652093756532793,212,0.000317549358858091,0.0044300139969906,365
"451","RTL10",0.00619098781899858,0.937328497460939,1.54357480955295e-05,0.929226736558999,153,3.40655530959531e-05,0.827628575835716,212,2.43641183000566e-05,0.833766005569537,365
"452","LIME1",0.282843928798539,0.595170356438791,-0.000457934588438005,0.0933906216030642,153,-0.000272927095962099,0.216355630577075,212,-0.000350164831936122,0.0406789538188051,365
"453","SNAPC1",1.94228387565361,0.164278122273604,0.000197507611295987,0.46142475523458,153,-0.000291451136009037,0.197844690256147,212,-9.89982357247571e-05,0.56656436191009,365
"454","TULP4",1.01007706456533,0.315557548415549,0.000313873927683205,0.059208176046874,153,7.18435530610657e-05,0.663463475004406,212,0.000164803964951875,0.164729228636705,365
"455","SYTL2",0.555183472920763,0.456692246313258,1.18241774631766e-05,0.939732162255048,153,-0.000153869258191073,0.307417925171149,212,-9.05926812927105e-05,0.407144936237375,365
"456","PLAAT3",0.0270053341884467,0.869560977567654,0.000143680125844975,0.672643087689349,153,7.680231968348e-05,0.752373434452487,212,0.000107235774100272,0.591019902418082,365
"457","VAV2",0.00806651994140098,0.928484984383911,0.000245938002873652,0.459265634705065,153,0.00027731295879549,0.117551093434248,212,0.000264046778332977,0.123662267045762,365
"458","MDC1",0.361433457916593,0.548088511176769,-8.80608774293089e-05,0.671671506516241,153,5.87153278153998e-05,0.682186046108641,212,4.35613724286902e-06,0.971031721689753,365
"459","NT5DC2",0.606564155369693,0.436594615300381,0.000151042270202788,0.429831519706367,153,-5.47423993965633e-05,0.755953165822341,212,3.37690536981264e-05,0.794677401885386,365
"460","HIC2",0.279487469375586,0.597362213544642,0.00012173358850741,0.519596631002554,153,-3.04903622108229e-05,0.879796100266401,212,2.39054034463661e-05,0.865908133453277,365
"461","MED19",0.174512775782502,0.676380268762794,1.72048972098088e-05,0.910523008148679,153,0.000117634509786541,0.490320163465271,212,8.17355852609609e-05,0.488880493575723,365
"462","LACC1",5.7953656228461,0.0165696536936941,0.00040798758926414,0.0431430129770702,153,-0.000197018793054307,0.209327802040065,212,5.16189270058664e-05,0.677687195052994,365
"463","IFI44",0.31949131231244,0.572264610441214,-0.000820780899019205,0.256461869720812,153,-0.000101498707484272,0.913900110478914,212,-0.000511926537569944,0.426317667916717,365
"464","APOOL",0.000702229561587501,0.978873483634845,-0.000102904665266417,0.712638038266816,153,-9.49321891476366e-05,0.548427115152159,212,-9.84490581251376e-05,0.504500606649999,365
"465","PASK",0.540477864399267,0.462712079473052,-8.6416442333522e-05,0.704496692131718,153,-0.000311998788773052,0.122227146105145,212,-0.000223389027191041,0.138537488887879,365
"466","AQP3",0.079310764229496,0.778394985971808,9.51919860982631e-05,0.781040243442398,153,-4.53635213168835e-05,0.894560747084789,212,-9.62678406825856e-06,0.968830360546038,365
"467","ACP5",0.255240327452817,0.613717426818622,0.000509848641829717,0.0174277101090742,153,0.00033537256811247,0.177383749185121,212,0.000390487204026313,0.0226468403989262,365
"468","PRRG4",1.82686949869207,0.177344058423393,-0.000170866754322315,0.390166144764946,153,0.000178014442697359,0.282211586512955,212,4.3921547824735e-05,0.7301606840317,365
"469","SLC38A9",5.9013402725345,0.0156166390171174,-0.000119136597937181,0.414209456469829,153,0.000398710199676455,0.00695214332029577,212,0.000187329812897089,0.0759672745919744,365
"470","ZNF512B",0.164566563559743,0.685226849530266,-7.92210349120435e-05,0.495765904642834,153,-0.000147694890179974,0.202065881042908,212,-0.000119173141510903,0.150425527612729,365
"471","PDE4D",2.56963619696654,0.109807332529556,-0.00057871518802895,0.158043112883931,153,-0.00156457874453522,0.000321481269644158,212,-0.0011768426715396,0.000121839584017317,365
"472","ACVR1B",0.00282194428148836,0.957664105981225,7.65005521153528e-05,0.577069050870667,153,6.65607292212048e-05,0.59081983492032,212,6.85541560775677e-05,0.455144069875169,365
"473","MTA3",0.501569468638474,0.479268345891525,-0.000237871652865827,0.133654641467089,153,-8.48001059354667e-05,0.553774342917495,212,-0.000147288968488971,0.165279857343024,365
"474","SH3BP5L",0.627876808180839,0.428655587087353,2.12566792933573e-05,0.930123400435453,153,0.000261027057024065,0.165676676623677,212,0.000165809802686313,0.264544941657001,365
"475","ZNF623",4.88475309328638,0.0277216990655669,-0.000401809668023114,0.0429748829003225,153,0.000110942937185058,0.416267800712493,212,-9.28517941696649e-05,0.418526794938853,365
"476","RAD51.AS1",0.000960903959661177,0.975287905574481,1.34170526661092e-05,0.931919706553486,153,1.98812752735198e-05,0.883384139715748,212,1.40265047696683e-05,0.890945575445814,365
"477","GSPT2",2.94651688116448,0.086920669875614,0.000316790158507042,0.0845456412349007,153,-7.03741780709764e-05,0.611994335843624,212,9.85590705460655e-05,0.378868994788418,365
"478","DDX60",1.64079810882297,0.201038283474275,-0.000172318985236491,0.476237634137908,153,0.000291190890378161,0.247401859363641,212,8.40963891035741e-05,0.639196345440554,365
"479","PPFIBP2",0.00194687482533962,0.964830432517616,3.89496281183024e-05,0.812582047169218,153,4.90310353038556e-05,0.748372648382256,212,3.44612319340435e-05,0.760116177307199,365
"480","IFIT5",1.15969347296079,0.28224823496456,0.000121477397226581,0.473959794068896,153,0.000369852718203084,0.0158616006483202,212,0.000262406899647589,0.0212658880604984,365
"481","IDUA",0.539338278144439,0.463183838483629,3.50038968685143e-05,0.855647667905091,153,0.000264637364124491,0.23946514634091,212,0.000166779206560958,0.277550864568955,365
"482","SCMH1",0.440765035634322,0.507177214653113,3.26165783320258e-05,0.807356434829359,153,-8.89783434784968e-05,0.463834413337144,212,-4.31992694611698e-05,0.631192073393549,365
"483","CNPY4",3.67024530735669,0.0561816594221414,-0.00017029981814286,0.280055482918077,153,0.00019536288413827,0.092070689764316,212,4.9898658057806e-05,0.596262791459034,365
"484","DHODH",0.321238472695014,0.571216536302479,0.000113237333647173,0.526983090809031,153,-1.1237622684114e-05,0.933384106096427,212,3.93235336195712e-05,0.715026311093086,365
"485","LINC01410",0.934465813119811,0.334352318662705,8.99330773984564e-05,0.695464507782598,153,0.000366890934914274,0.0400293547026564,212,0.000248559779791535,0.0781071049322511,365
"486","SCN9A",2.03222935432523,0.154858644060764,-0.00017749288442516,0.459985018400635,153,0.000277640266573771,0.182367465237971,212,8.97411638033581e-05,0.567552606874881,365
"487","LINC01637",1.60640860019957,0.205814328043871,-0.000182497732604698,0.271125947099775,153,8.29701845731923e-05,0.528226677392861,212,-2.55198756070278e-05,0.804116826333103,365
"488","KLF8",0.301085341338892,0.583542002076614,-0.000133412409866114,0.427623208659496,153,6.69403107840783e-06,0.970094749994115,212,-4.49551666679445e-05,0.720049880724749,365
"489","AREG",3.48246009829196,0.0628331727778843,-0.00827615707027426,0.000306829273268571,153,-0.00288205898534949,0.118232244546531,212,-0.00495196488415909,0.000617504376779972,365
"490","SEMA3C",1.45547751197681,0.228441082848828,-0.000231117632270831,0.293233411656063,153,8.34039430126969e-05,0.589978702218451,212,-3.0401471415071e-05,0.814443359388529,365
"491","MSANTD4",0.0813398493384486,0.77565338825372,0.000108752031652538,0.572456945660218,153,0.000175756412509679,0.219908976369507,212,0.000155128058944766,0.179844676889137,365
"492","PRR5L",0.0146164030435485,0.903838837091443,0.000449329485697631,0.049428102917742,153,0.00041371804110284,0.0289122992878333,212,0.000432854680504225,0.00291004926574584,365
"493","URB1",0.300099904843901,0.584158345173467,0.000106451012878851,0.498163793025299,153,-3.71886936463835e-05,0.84494139686841,212,1.2677586557875e-05,0.921779295351357,365
"494","AC087741.1",1.96059871475979,0.16230815327084,0.000113672982408744,0.673973852249658,153,-0.000440118791251905,0.10652071774257,212,-0.000229624540310495,0.240636853900674,365
"495","PCNX3",0.0480459987525057,0.826622826011714,-6.34855218298616e-05,0.769469259801178,153,-2.77660378420547e-06,0.987360177422647,212,-2.94792314090708e-05,0.828133451983789,365
"496","LIN7B",4.68450526367543,0.0310909022708141,0.000296420025448131,0.0269557096069365,153,-0.000186695034164944,0.250408675850169,212,4.76398343884408e-06,0.965577287253164,365
"497","WDR4",2.0709503466727,0.150994420898159,-0.000178227688358906,0.322219649697321,153,0.000134474132118369,0.305854719149109,212,3.73250831121099e-06,0.972143289967693,365
"498","DEGS2",0.154601500205645,0.694408317991985,-5.72838783467793e-05,0.764934668823864,153,3.77406026938625e-05,0.803091452136592,212,-1.42364406526137e-06,0.990412937913565,365
"499","FCRL6",0.937423990825129,0.333589411691525,0.000753876647179529,0.0171117436558233,153,0.000373094258943494,0.129406443973116,212,0.000531873590908299,0.00613203600655055,365
"500","DAPL1",1.41328288225607,0.235293594044654,-1.99967036510906e-05,0.86717240317949,153,0.000166344570029714,0.100663833878312,212,9.21314000783174e-05,0.232070622125958,365
"501","ANKRD36C",1.94477868946037,0.164008171006701,-3.52806029709943e-05,0.923475363718002,153,0.000730772682095828,0.0564153427032947,212,0.000402356493762254,0.137884161441902,365
"502","GORAB",0.496509649489286,0.481492109343229,-7.27911792526112e-05,0.619014327292465,153,5.55903615971806e-05,0.622486083892241,212,3.07634208048242e-06,0.972538089984582,365
"503","DHX34",0.0482811668759243,0.82620582045472,-5.68670064403597e-05,0.738443916843959,153,-0.000106814514081664,0.471553995028945,212,-8.75359437101669e-05,0.432327883938867,365
"504","MED9",0.483752477991922,0.487174976307397,-3.94317981175349e-05,0.825925432792488,153,0.000105724177969642,0.383841072167571,212,5.25317472073455e-05,0.609007493264129,365
"505","ICAM4",0.225676962218859,0.635035269561064,0.000124628641886537,0.523299209537266,153,-7.78822347101286e-06,0.967164232017423,212,3.8206240006554e-05,0.78049377111275,365
"506","ZNF337",0.140746317750438,0.707760513318254,-0.000221081674686692,0.269807987497764,153,-0.000120649209312249,0.490682526598836,212,-0.000168153998236048,0.201583229991154,365
"507","TRIP10",1.29916041992892,0.255122328397476,-0.000334154555752737,0.0822990288028515,153,-6.18637902975729e-05,0.676693904972249,212,-0.000159437903155421,0.179784520386263,365
"508","C14orf93",0.607695478980315,0.43616757906182,-2.7616695535684e-06,0.983109328565538,153,-0.000143067415477251,0.233278278495876,212,-8.47699049850347e-05,0.337358810606991,365
"509","PRR12",3.24294750596511,0.072565974517953,-0.000164240550022529,0.241656746254868,153,0.000155318589122259,0.164828858541231,212,2.37584213822719e-05,0.785705702753467,365
"510","FBXL4",0.00102446001404034,0.974484008031388,-5.88362320749757e-05,0.732536361680054,153,-5.12004056134492e-05,0.747845616648029,212,-5.40670201652512e-05,0.643856054586425,365
"511","PIK3R4",0.0148487440585289,0.903081321883149,1.99542092859008e-05,0.919263778462924,153,-9.79920049690054e-06,0.94818473007453,212,4.5937357813632e-06,0.969391537174192,365
"512","CXorf40B",1.1340784105391,0.28761883004517,0.000380687015386736,0.0338388229996119,153,0.000617690194370473,1.27325548830902e-05,212,0.00052254996207606,2.48901351833169e-06,365
"513","CLIP2",0.00303823504994104,0.956073205730007,0.000214663357733167,0.212536135920647,153,0.000202670988058672,0.139165121355075,212,0.000205318706438605,0.0548951350270655,365
"514","AC147067.1",0.132802503198345,0.715757188047163,0.000110101394040219,0.641788843327294,153,0.00020279370210633,0.129237784344776,212,0.000166903485441071,0.181361702669208,365
"515","ENPP4",1.03161736532312,0.310459329783238,-0.000374649779514307,0.190653767516867,153,-2.31821898438158e-05,0.911852815124196,212,-0.000149503498657981,0.383337041685988,365
"516","ADGRG1",1.38107936623931,0.240691901845072,0.00122992096234721,0.00547843462557289,153,0.000600896924900233,0.0670953522176778,212,0.000884276164664619,0.000936776945832883,365
"517","OLFM1",0.0939752053242779,0.759359790407564,0.00048948441276369,0.148874680844421,153,0.000346716077253437,0.263857711626746,212,0.000392473997678021,0.0870739164397073,365
"518","FAM122A",0.21294133674584,0.644749639714137,2.58525585397631e-05,0.89131932989021,153,-9.19055003498776e-05,0.583476134122204,212,-3.9753856388171e-05,0.750926866447606,365
"519","DNAJC24",0.0329117425116989,0.856142924502509,-1.34568085431523e-05,0.93975224758074,153,-5.58856464785474e-05,0.711176084329736,212,-3.37981171201161e-05,0.768486762541453,365
"520","CHD7",2.76135586174506,0.0974344495489305,-0.000554089834020965,0.00474393783435321,153,-0.000156350879126233,0.289436877962657,212,-0.000315937016568244,0.0076247958723449,365
"521","SRC",0.12310371737594,0.725896994810346,0.00018229571918506,0.342479149954777,153,9.65640460652519e-05,0.531399005426569,212,0.000133606165557035,0.26521563893687,365
"522","ZNF439",0.00165857569412686,0.967537154749534,-8.24766586066016e-05,0.601545208219265,153,-9.08382541490125e-05,0.490101798743316,212,-8.14724374363412e-05,0.419833973087185,365
"523","SCML4",3.95138917036878,0.0475877360505548,-0.000134790298424688,0.508578585431771,153,-0.000707726268609581,0.000342037693763258,212,-0.000483426597530855,0.00077113982809027,365
"524","KLC4",3.36454993052167e-05,0.995375121257301,0.000130743316865703,0.361612164752827,153,0.000131876296015125,0.307969594909536,212,0.000134492587403406,0.161029845567918,365
"525","APBB1",0.309018119725964,0.578627691117093,-0.000418804114568077,0.0501401390531985,153,-0.000273448779213228,0.0893568939786936,212,-0.000335462101423872,0.00923706439658474,365
"526","MFAP1",0.0357871179371091,0.850062102485185,0.000475610915957229,0.00836759533837816,153,0.000424151545548003,0.0268982278653172,212,0.000437352504935257,0.00116901002035945,365
"527","MAP3K7CL",0.19599185409678,0.658240890310579,-0.00107488954701017,0.0311458948885264,153,-0.00135087693434416,0.000634369427001853,212,-0.00125650697203035,5.08687473657257e-05,365
"528","GIMAP7",0.0587977399422571,0.808544053998982,0.00107339520966969,0.147328174470708,153,0.000860205593870084,0.101242071510546,212,0.000944299925436354,0.0289741427252613,365
"529","LDLR",1.7380996806004,0.18821562943721,0.000357376548192174,0.361268420261359,153,-0.000400585352495111,0.312342168609545,212,-0.000103951984622546,0.7134032911492,365
"530","UBOX5",0.00940002287098558,0.922816954345867,-0.000145027283597879,0.331435478566824,153,-0.000125606246695469,0.338915875449324,212,-0.000132803444633516,0.176743567259419,365
"531","PNPO",0.219438224452304,0.639751017170652,-0.000115179702330048,0.616828150279798,153,2.7952994871694e-05,0.888071492067932,212,-3.32666962455446e-05,0.824324054447164,365
"532","BRF2",0.915154360794597,0.339390693642081,-0.000496613630396216,0.001815526669463,153,-0.000293196262586388,0.0374383195185403,212,-0.000372462169670232,0.000408862733552767,365
"533","MSANTD3",1.22765548275869,0.268601140208637,-0.000115665090437425,0.538528493056568,153,0.00013232791952989,0.320983978542312,212,3.65481799008197e-05,0.740025071644267,365
"534","NT5C3B",2.32227648015986,0.128408780843378,-0.000650794349887007,0.088123315016492,153,6.57062723048681e-05,0.820708523282843,212,-0.000213548984622683,0.357362925517471,365
"535","INTS7",0.190695542297222,0.662599423835614,-0.000142277016643307,0.517652677024272,153,-3.52573677028247e-05,0.79448151695091,212,-7.62348858476046e-05,0.52606607705506,365
"536","METTL15",0.0120958596526266,0.912485414706512,9.43532548142581e-05,0.543812673627102,153,0.000119355617064122,0.44515565328333,212,0.000106369596411107,0.340344436781095,365
"537","SLC37A3",0.0174213812846289,0.895065670405004,1.00779248776871e-05,0.942079453943294,153,-1.59081152466357e-05,0.904919886135532,212,-1.05919677858992e-05,0.912833728214939,365
"538","GLYCTK",0.763202010914031,0.382909073736478,0.000169947445551758,0.379255146885838,153,-4.96100856655714e-05,0.758224868060592,212,4.14065291872225e-05,0.737079887666732,365
"539","STARD8",0.392918077523676,0.531165713086728,8.26656750597608e-05,0.66601029219193,153,-6.32505580654168e-05,0.654407559260002,212,-3.86254683232157e-07,0.997302358438295,365
"540","DCAF17",0.69372750970832,0.405450094013092,3.82265713568343e-05,0.812246788411835,153,-0.000158832205518,0.330215224197647,212,-8.30254866636202e-05,0.475233863163657,365
"541","CPEB3",0.013147392767238,0.908776717553479,2.55290603109306e-05,0.891850742246057,153,-1.62027544322571e-06,0.99127829188546,212,1.04474131722949e-05,0.92827593167498,365
"542","KAT14",0.0967754264319292,0.755913665565545,2.0377171990727e-06,0.991933448314045,153,-9.29012221600488e-05,0.662892509796378,212,-6.44752504053413e-05,0.667859958558249,365
"543","CRTAM",0.2249928065485,0.635548484259482,7.33605115717389e-05,0.62881515173603,153,0.00017493469310855,0.226595573136881,212,0.000127496185068827,0.226417352521342,365
"544","PPBP",0.1121150986945,0.737943323017052,-0.000648538865097105,0.579526834737632,153,-0.000166719177054381,0.850128663421327,212,-0.000377323341888568,0.592918503053042,365
"545","SPATA6",1.63515470398911,0.201812988846279,0.000104057956701334,0.425155789066045,153,-0.000140901615376488,0.286089298780277,212,-4.28297633371294e-05,0.649195262924872,365
"546","AC093010.3",1.04381030312582,0.307621110415574,-0.000187980775517711,0.405365197443151,153,8.25430749553138e-05,0.594951447223176,212,-2.9146051359215e-05,0.822580264199086,365
"547","LINC00173",2.12143729448587,0.146119365368205,-4.30176442218935e-05,0.828497677249283,153,0.000330033628690087,0.0440801624144796,212,0.000188918065789355,0.136853306609107,365
"548","CNTROB",0.060986457669153,0.805083920749533,4.06225220558712e-05,0.830951715598356,153,-1.6279128298246e-05,0.906976225072631,212,8.49722108167868e-06,0.940039034208929,365
"549","HABP4",0.0331181018715201,0.855697585990501,-0.000196215564064547,0.265033925911557,153,-0.000244898407822069,0.191766790923519,212,-0.00022466015626218,0.0872894775987378,365
"550","KPTN",1.99788258594335,0.158380814110205,0.000317003606949274,0.0720643581442589,153,8.97942541350946e-06,0.946905129226706,212,0.000137877671792047,0.198842783776138,365
"551","AC105219.1",0.491206696196011,0.48384101018357,0.000201844583916745,0.252406075703409,153,5.26773722800868e-05,0.681987769376057,212,0.000119541936900702,0.253946903842229,365
"552","TNFSF9",0.49196493819916,0.483503996034117,5.6422690386312e-05,0.7785546234051,153,-0.000137621798974242,0.45508984487912,212,-6.14079036240433e-05,0.651058795209531,365
"553","HOOK2",0.100311422845622,0.751639304520639,-0.000280687327553466,0.248137683585304,153,-0.000147557704414261,0.632524428891026,212,-0.000207733130060164,0.314064099025928,365
"554","MMUT",1.71768539486122,0.190824438007453,0.000260104391029999,0.19424068132561,153,-0.000118025361379701,0.54912010224306,212,3.66725101674815e-05,0.795865511165218,365
"555","ZNF34",0.26065966671741,0.609979362170025,-0.000134160899840854,0.43798376348285,153,-3.11040358660238e-05,0.791679506592567,212,-7.06224993510042e-05,0.475924498461219,365
"556","TBCK",3.45443927790001,0.0638958060288229,-0.00017576258732483,0.255704659987655,153,0.000236309243302049,0.118519813123279,212,6.18732530543232e-05,0.572112902250421,365
"557","ATP8B2",0.0318694723917357,0.858414576047194,-0.000253232706877526,0.260234561378435,153,-0.000303577065557312,0.0856839218390241,212,-0.000288028174716448,0.0379808574102676,365
"558","CRIPAK",3.99794324412205,0.0463048610650978,-0.000313830319923771,0.0597856084553415,153,6.43658042135042e-05,0.549471522738607,212,-7.47488085759295e-05,0.433766677266895,365
"559","ALMS1",0.791223813432589,0.37432268566242,7.33955174795347e-05,0.643531624455721,153,0.000291610450597136,0.0927361146026494,212,0.000196003910609123,0.104988775251675,365
"560","SH2B2",0.067875402106539,0.794604229031776,0.000156426364698365,0.441727635856995,153,0.000225937424353386,0.1902400254783,212,0.000195582227526192,0.13547762148299,365
"561","MOSPD3",0.173043152983888,0.677668483011114,8.24003117655003e-05,0.678977616789212,153,0.000181723326509762,0.204914965906858,212,0.000140365797707996,0.230960317756903,365
"562","TRIM23",0.246146679657174,0.620103411510698,-5.37591300353076e-06,0.968307745506575,153,-0.000101448215113891,0.440966867536835,212,-6.19690758159028e-05,0.514083586185873,365
"563","ZNF618",5.3311089997872,0.0215122067863694,-0.000139506637317279,0.504387720048743,153,0.000454124566727125,0.00436698782020852,212,0.000215731499589045,0.0901653837622626,365
"564","NMT2",0.457754582312783,0.499108508076093,-0.000410216229869109,0.0353239025723459,153,-0.000584373434551621,0.000583431559541739,212,-0.000518239001763245,5.05870706722275e-05,365
"565","XYLT2",0.0715919893170514,0.789185595780045,0.000137232950586693,0.369953806165476,153,0.000195472998307065,0.185978671464937,212,0.000173845723418311,0.103997671176097,365
"566","CES1",0.175733485577104,0.675315078649371,-0.00136495263411041,0.260594674771234,153,-0.000689803517560427,0.510635604582543,212,-0.000992251277279998,0.209832002411905,365
"567","PHF23",0.00929570603706788,0.923245082455992,0.000194398614131759,0.617089467147756,153,0.000235608485187406,0.309689147683277,212,0.000227616758488973,0.278424503996647,365
"568","RYK",0.217069182371954,0.641563162475077,-0.00044650899875868,0.16055120352078,153,-0.000283028996448707,0.140908892975908,212,-0.000347827877974526,0.0438054640630054,365
"569","CCDC144A",0.253979012640169,0.614594577806595,7.65756566487998e-05,0.737633837967508,153,0.000231650756905771,0.251776011494614,212,0.000165937305781124,0.271909733588645,365
"570","CD8B",0.15929981694532,0.69003797840488,-0.00104725194380691,0.0135640264958592,153,-0.00127976983474593,0.0011623753213459,212,-0.00119307553553155,3.70157097523831e-05,365
"571","TMEM106C",1.89693016450277,0.169275680859567,-0.000223292781266735,0.278560663144917,153,0.000126074012484091,0.419043409021928,212,-1.2049710238221e-05,0.923085735394117,365
"572","ADCK1",4.8361004639215,0.0285035144182417,0.000339905058172875,0.0199832938765081,153,-0.000133160390214353,0.37160404497004,212,5.44824711266434e-05,0.608681264902209,365
"573","PGM3",0.00310139148319776,0.955619464508807,-0.000187465131547521,0.221722407634325,153,-0.000199615961016203,0.178185122290351,212,-0.000194785109632959,0.0691781554207355,365
"574","BTG3",1.54559891511093,0.214593138397093,-1.51259320263296e-05,0.928325810958389,153,-0.000277538360073554,0.035976619101791,212,-0.000168516450917148,0.104807644531861,365
"575","BORA",0.0132793655632346,0.908322032164121,-5.10176735602582e-05,0.765467794543082,153,-2.74619942008541e-05,0.82203118150225,212,-3.71599303015183e-05,0.710749291416607,365
"576","SMOX",0.707275185780262,0.40090657434224,-8.50274623235337e-05,0.736352528197581,153,0.000201960411828696,0.368471859936589,212,7.7537579309759e-05,0.643875730445004,365
"577","ZSCAN25",0.68656512773728,0.407882653838421,-8.07107372536051e-05,0.656296849906637,153,0.000103927817975348,0.446876632281734,212,3.40842059252057e-05,0.755775869445153,365
"578","COG6",2.10669530688197,0.147524170107331,-0.000195166304705801,0.301119272333431,153,0.000142459581339348,0.320012443151046,212,3.45267583977802e-06,0.975913520445751,365
"579","MIER2",0.00181504238775143,0.966041307145164,0.000158410918808552,0.253007878981317,153,0.000149382891150658,0.31574295005844,212,0.000151076199183175,0.146516727124622,365
"580","FOCAD",1.09365280440318,0.296363000089551,-8.4114140577382e-05,0.711854564595115,153,0.000193176157816576,0.211070146246946,212,7.44088109977498e-05,0.56825010307162,365
"581","ZNF43",2.00884850093529,0.157246453370933,-0.00029844520813806,0.149055172761741,153,7.19986537345254e-05,0.661350733510011,212,-7.71808641689187e-05,0.548163782306005,365
"582","SLC39A8",1.96575848336447,0.161758057353459,-0.000314134137138195,0.185297781922403,153,7.85999779299376e-05,0.635536849304683,212,-8.09703170833214e-05,0.556533935914209,365
"583","ZNF100",0.0281718439586014,0.866799442812432,0.000117216242725705,0.467896506123822,153,7.87148111548022e-05,0.612383784194873,212,9.05460846489982e-05,0.421345753049289,365
"584","CCR7",0.0178034448477462,0.893928024851218,-0.00115995124477978,0.0034992332887573,153,-0.00108624745841223,0.00387599024610123,212,-0.00114458407138493,3.51042438804907e-05,365
"585","C11orf74",0.534701955711128,0.465111099609477,-6.98408549400099e-05,0.663661488244851,153,7.81382276319378e-05,0.537396205743129,212,1.92655770566749e-05,0.846145514169706,365
"586","MBTPS2",0.13272846882953,0.715832975252275,-3.86236256199621e-05,0.777357631269114,153,-0.000110770536648912,0.413855720002127,212,-8.60528866044243e-05,0.376679073263924,365
"587","HSD17B8",0.0325541881405558,0.856917980606216,-0.000118055762789982,0.435393431203047,153,-8.15368344081734e-05,0.537742596432451,212,-9.43296836666232e-05,0.342198504905076,365
"588","RASGEF1A",1.75089482495278,0.18660173753943,0.000498935669026213,0.000368448824103825,153,0.000235242606138619,0.0858153766998597,212,0.000342573505387386,0.000521007771257726,365
"589","APH1B",0.0006647725483317,0.979444521380303,0.000322644727264431,0.0408508428001541,153,0.000316995719500862,0.0319788002209095,212,0.000320016293793272,0.0030577423976605,365
"590","OTUD3",0.0637625140241676,0.800788740957722,-3.32803971689132e-05,0.854609859181287,153,2.88967903647027e-05,0.858611831263683,212,-1.35594574630395e-06,0.991049723075477,365
"591","RDH5",1.60312790725278,0.206276929496878,-0.0001331587591281,0.547121293146506,153,0.00019043550719657,0.197375295513971,212,7.01847039940509e-05,0.579252333699004,365
"592","BNIP3",0.0109708868243763,0.916638702934683,-2.60838447936324e-06,0.987241183758078,153,2.23092232201229e-05,0.891268072630352,212,1.20785675146933e-05,0.917498141995029,365
"593","GEMIN4",0.184019189612362,0.66819759971984,-5.99936168226395e-05,0.641095542181473,153,-0.000145761677009785,0.30237367006358,212,-0.000112121094154565,0.253205448923681,365
"594","CD320",0.0405348497068549,0.840551840557836,-0.000281425688470652,0.284539930494044,153,-0.000352544980203379,0.129034871532351,212,-0.000323576755525185,0.0622783541997936,365
"595","MMS22L",0.0524117705089571,0.819048165289671,-9.65325219825533e-05,0.612699150227946,153,-4.44322758858587e-05,0.743469668598113,212,-6.44123171485915e-05,0.5637926185119,365
"596","SCCPDH",0.421152196841243,0.516775313269833,-0.000252768892819135,0.188623575079042,153,-9.59352577766973e-05,0.526056664557651,212,-0.000161617144930514,0.173308803430324,365
"597","GZMK",0.385952344930561,0.534826806959949,-0.000382735524320376,0.420042005678518,153,-0.000841075281615217,0.10760819044586,212,-0.000677059956726019,0.0628760585090498,365
"598","WDSUB1",0.15589765576235,0.693195057274633,0.000101563401975894,0.539033865829802,153,0.000197242410928582,0.237458209618378,212,0.000151409145815714,0.204293679973991,365
"599","KBTBD8",0.018804238209027,0.89100563501702,-7.25354804972457e-05,0.711232540018237,153,-0.000106237007903452,0.488325950092039,212,-9.35801344090452e-05,0.437479639387018,365
"600","GMNN",0.00730677003206893,0.931927462651441,0.000154635848209319,0.285050820096341,153,0.000138462420093175,0.256686942971984,212,0.000143964931397489,0.121238697290324,365
"601","RGS12",0.0358167798755188,0.850000717794888,-5.05930428204306e-05,0.8706350001836,153,1.71599004037603e-05,0.933533537873582,212,-5.4044126716318e-06,0.975449290301969,365
"602","MRC1",0.749231697019415,0.387294452435472,0.000674003127014124,0.230249581951391,153,0.00131014113892553,0.00611672468641333,212,0.00102601150521463,0.00482750738106533,365
"603","CDKN2B.AS1",0.0595844280453159,0.807292647198861,-1.04603619368578e-05,0.989289756963715,153,0.000220497477652889,0.700657965476125,212,0.000152988028625208,0.742264013426744,365
"604","CRAT",1.39316259985817e-06,0.999058890610662,-1.09894071651651e-05,0.95006168808436,153,-1.07413787601413e-05,0.931914292634933,212,-6.82597893829889e-06,0.947231447669888,365
"605","ABHD6",0.501268047629115,0.479400346213772,9.24783778486563e-05,0.714933554128703,153,0.000313611051344951,0.103507075246174,212,0.000227857723527323,0.137820661070526,365
"606","HNRNPA1L2",0.77349853968842,0.379721977569589,-0.000242887684464735,0.625690622266582,153,-0.000763453040578465,0.0308719982650601,212,-0.000533479339635868,0.0677252291977966,365
"607","STMN3",0.0339919405536552,0.853827485237383,-0.000245689177322347,0.257353252691507,153,-0.000191976461414749,0.315513550098686,212,-0.00021858673932202,0.126813382924568,365
"608","MYBL1",0.0316549679795966,0.858886829198318,-3.01217891603935e-05,0.896945239013035,153,-8.43303418017139e-05,0.667448739430623,212,-6.60535510851468e-05,0.658511780522777,365
"609","HIRIP3",0.0989039385037254,0.753330613321665,-3.15825307401769e-06,0.985476688071689,153,-8.68192124733022e-05,0.642076966349478,212,-5.57160408974068e-05,0.669388291692086,365
"610","KIAA0556",0.00709522147410451,0.932917762878161,-0.00010777845233117,0.504036759828806,153,-0.000124828828404671,0.323505718343187,212,-0.000112083617545848,0.260459768456983,365
"611","NPC1",2.48508699837092,0.115805874095654,0.000230891000860775,0.18245031082168,153,-0.000182345636847198,0.320208469901667,212,-2.37954480628479e-05,0.854378021769403,365
"612","SCD",4.38484825420687e-05,0.994720249433309,0.000357863328603641,0.104821545293226,153,0.000356089555441676,0.0298112982338072,212,0.000356885674890862,0.00683983837553756,365
"613","C6orf120",0.522454256448879,0.470264652463204,0.000108734150462386,0.532836267400271,153,-7.17861356642368e-05,0.672572262861048,212,-8.58941686740135e-06,0.944465588075888,365
"614","AL137857.1",0.603282971401663,0.437836779856067,0.000275647545977186,0.358999646798044,153,-4.87936723913539e-05,0.861425935571674,212,7.14339508154327e-05,0.728236729401143,365
"615","SEPSECS",0.0202028251159485,0.887051366806849,-0.00017849408132814,0.334592871639576,153,-0.000217837917195502,0.258164678172217,212,-0.000202369043569442,0.136420333773754,365
"616","ALDH18A1",8.11386899153522e-07,0.999281787035015,-6.27698123528408e-05,0.695239205141572,153,-6.25665618957206e-05,0.68067822810654,212,-6.77804344063489e-05,0.540847621519281,365
"617","CCR2",0.432963749364275,0.510957624634065,0.00114312518909209,0.156512260739976,153,0.0018050731207904,0.00428134737226987,212,0.00151819295863371,0.00225585807473824,365
"618","LRRC23",2.15842507735653,0.142660831780365,0.000265553625625146,0.172061790428801,153,-0.00011226716725648,0.501768338009977,212,4.38924506387217e-05,0.728526590559502,365
"619","C11orf71",0.12920090007724,0.719472177857944,-9.49021452990332e-05,0.597198729930506,153,-1.15022004566747e-05,0.938054738308005,212,-4.6040918464461e-05,0.685681707544492,365
"620","ZC3H12D",0.148498378026353,0.700201471231344,-1.93509592335664e-05,0.919924703528126,153,8.22339590002199e-05,0.637980281314172,212,3.57456309205305e-05,0.782386383364766,365
"621","GIMAP5",0.0372021643919561,0.84716248900676,6.3872676083445e-05,0.90326450687816,153,0.000189535542023366,0.637539146031015,212,0.000128513139795843,0.687650795672677,365
"622","PPARD",0.205773230904574,0.650373233954143,-0.000161811891451789,0.270051394041744,153,-6.48311623390362e-05,0.658712711186414,212,-0.000109004327571323,0.29954629166238,365
"623","GIMAP8",0.15431905073328,0.694673482494205,9.16670206489755e-05,0.809230898197422,153,-8.57462017956104e-05,0.749418327766172,212,-8.44906070146757e-06,0.969572422276016,365
"624","UMAD1",0.0325502139360503,0.856926619963974,-0.000115978564922206,0.46524215936008,153,-7.70587202068253e-05,0.588388676840765,212,-9.0237214749066e-05,0.393954975850297,365
"625","DGCR8",1.21462727985769,0.271151850412638,-4.13048337046163e-05,0.792738169261795,153,0.00022016713536253,0.184082855144999,212,0.000106964706565056,0.360040394758512,365
"626","ALG12",0.00170236173045778,0.967111680744283,7.90979614159072e-05,0.637518292144361,153,8.85816992425753e-05,0.561137192364856,212,8.28922668250564e-05,0.462144930933002,365
"627","HIVEP1",0.247165183700533,0.619380914797599,-0.000497543098652915,0.0960872403307075,153,-0.00033984347484915,0.0391916273971679,212,-0.000395990816302678,0.0114540031415802,365
"628","DFFB",0.0515584250147701,0.820501881681443,4.62890133590053e-05,0.71722989484775,153,3.36739324648446e-06,0.979424186340433,212,2.0089094633069e-05,0.828372018990667,365
"629","CD28",0.15877022867513,0.690526832652156,-0.000324486537479241,0.0958803885344441,153,-0.000212862329522725,0.266354257747198,212,-0.000266736581683467,0.0534933386589633,365
"630","JPT2",0.172292328666208,0.678329105154446,0.000224189763359205,0.488710303885082,153,0.000372646772061316,0.0573361855053781,212,0.000317677071742465,0.0709219525635325,365
"631","GTF2H2C",0.890366625483861,0.346009039834574,5.13435972927212e-05,0.726231418184913,153,0.000223277548781649,0.0486497230850022,212,0.000155327800423572,0.0831884837754142,365
"632","ZNF331",0.0541816056614881,0.816072369686351,-0.000628666844509035,0.176929799000274,153,-0.000478267686707271,0.269354689060147,212,-0.000562362401743403,0.0777805836687362,365
"633","NUP50.DT",0.0502778845210565,0.822707287911752,7.31440570571819e-05,0.633987929109879,153,2.62592694052205e-05,0.849202753881257,212,5.1755607043339e-05,0.614856649273039,365
"634","HIST1H1E",0.113191228999383,0.736735293487336,-0.000488147713439401,0.116878497676638,153,-0.00064075256984434,0.0407690819489979,212,-0.000576933541311263,0.00980582860126182,365
"635","TIMM8A",0.0131095221855508,0.908907619436479,9.71293512268907e-05,0.443903242749355,153,0.000118622447228771,0.3610227998398,212,0.000106041719612139,0.250268487820027,365
"636","KCNK13",0.309506271198618,0.578327990314008,0.000216856601088155,0.203178939064684,153,8.75186886167921e-05,0.569936487718108,212,0.000142515706605837,0.211881631884381,365
"637","ANAPC10",0.957354242492873,0.328509608106695,-0.000161997035503047,0.321480624619677,153,4.88781552757945e-05,0.726292050512519,212,-3.13849423625503e-05,0.76731854500417,365
"638","RAB40C",1.28957394435053,0.256879841485407,-8.42536579007363e-05,0.517957590844962,153,0.000123558031979429,0.316123315088456,212,4.08476357678814e-05,0.649615320455984,365
"639","ZNF668",0.156043114610207,0.693059265529568,5.65807017235682e-05,0.680335924451,153,0.00013885776330196,0.340559695200208,212,0.000102458178103707,0.316326198366032,365
"640","CLIP4",0.163655820525342,0.68605233540499,-1.91418266598948e-05,0.902760864356776,153,-0.000104190772955806,0.449201894745775,212,-7.22786960860301e-05,0.483572707771503,365
"641","PLEKHG2",0.000917353690596763,0.975854226072399,-0.000712969678807645,0.0090544117402122,153,-0.000725920718352068,0.0177443193768829,212,-0.00072512151727319,0.000602739289637339,365
"642","HOPX",1.4318634884686,0.232245817330545,0.000766806346631813,0.072481814211304,153,3.25260963018208e-05,0.938124208376569,212,0.000313427890181896,0.300391280794695,365
"643","PYROXD2",0.746032305510956,0.388308843881113,-0.000292885487938935,0.07733217891889,153,-8.21803088222021e-05,0.625805092427751,212,-0.000165857357843875,0.166546231790767,365
"644","DRAM1",0.371996250898008,0.54230186164649,0.000120327933677178,0.530283930859412,153,0.000269944564740144,0.0834123040138596,212,0.000208289621773463,0.0840120962129126,365
"645","RAB30.DT",6.2973722389471,0.0125288650738544,-0.000287853231193466,0.271261012701245,153,0.000422555593511155,0.00533999806480771,212,0.000133161781206662,0.34170052381219,365
"646","ZNF432",0.128631934062077,0.720064387441771,1.52234054558329e-07,0.999221839466767,153,-7.27355878833293e-05,0.576877705593893,212,-4.53944554300118e-05,0.648867441315865,365
"647","ATP7A",0.0014612792445498,0.969528077269597,0.000342969800487482,0.0415756888168427,153,0.000351890293728735,0.0253334223380964,212,0.000346439322705434,0.00261828340801014,365
"648","MIR4458HG",0.0385242597524136,0.844504604513491,-0.00013137461064121,0.481561900888612,153,-0.000179667255675036,0.259859224486445,212,-0.000152365399707096,0.208555441279586,365
"649","CTU2",1.8197618759745,0.178187156254094,-0.000275118651554429,0.0870652038344253,153,8.75137603896497e-06,0.948651332899778,212,-0.000105522620789192,0.307940104845197,365
"650","ITGAV",0.168888600716955,0.681345274746582,9.31444849747948e-05,0.598772810598243,153,-5.12111013639399e-06,0.974010130064285,212,3.53751735528383e-05,0.762844195135502,365
"651","TFB1M",0.494783580429044,0.482254590692584,0.000164967559686084,0.306259191576635,153,1.32475288676028e-05,0.925165073713686,212,7.78260092290484e-05,0.462355320772136,365
"652","TRIP6",0.143446700758951,0.705100932939129,0.000209864088797966,0.168423534652346,153,0.000132324718878293,0.325269467810925,212,0.000162302040153319,0.106570572661153,365
"653","ZNF138",0.129017697593422,0.719662703560177,-0.000172086549149144,0.31157614949188,153,-9.38910098479229e-05,0.496670492155078,212,-0.000126434665176715,0.236599792182994,365
"654","ITGA6",1.01769988095535,0.313740913247712,-0.000813553071051974,0.00117896056972585,153,-0.00117578147256302,3.272549111265e-06,212,-0.00104326876137984,9.13209662013717e-09,365
"655","CTBP1.DT",0.0918211764729206,0.762049089491567,-8.85768739186735e-05,0.592612083982465,153,-1.64468244133395e-05,0.919215517429289,212,-4.84500382149529e-05,0.67814957424818,365
"656","GSTM4",0.224336576287664,0.636041650164241,-7.48611111725276e-05,0.758585740006609,153,0.000104173380609324,0.696155549417598,212,3.26864441509905e-05,0.86001546879416,365
"657","MRAS",0.925968765204474,0.336556737926762,5.51907132794572e-05,0.704306832850116,153,0.000259702418233712,0.076288708864736,212,0.00016639605013051,0.114070196933904,365
"658","CCR6",0.69486653389003,0.405065207633288,0.000114667524832381,0.827293554667427,153,0.000679022488460905,0.116056936015973,212,0.000438337767286416,0.187841748387425,365
"659","B3GALT4",0.91410638263984,0.339667025531339,-0.000162225871880875,0.384797887114071,153,0.00010541408909029,0.588355749479712,212,-1.25946923757255e-05,0.927214917828671,365
"660","ORC3",1.69894779438369,0.193256293408308,-0.000325038835325858,0.0813212764264824,153,-2.01260398258446e-05,0.890674850448418,212,-0.00014071493638177,0.221770320084292,365
"661","IL3RA",0.0407200408131865,0.840192940201617,-0.000151698515574441,0.444069301933989,153,-9.86223017932514e-05,0.564260296529121,212,-0.000114220986668924,0.3768536790569,365
"662","SLC25A35",0.0293940422868901,0.863968434489057,3.35481896187919e-05,0.764456696106415,153,6.28167150460653e-05,0.59941851800468,212,4.49908300551843e-05,0.592506980373365,365
"663","VSIG4",0.0653346690303262,0.798400294131319,0.000864525379014291,0.00995214624384374,153,0.000969659604880781,0.000173718792882581,212,0.000911675964113816,9.06270624870557e-06,365
"664","ENO2",0.150654213426197,0.698139733893712,-1.93159132325805e-05,0.92732825007575,153,9.57319590316433e-05,0.630495633743278,212,4.60019145001892e-05,0.751659229758282,365
"665","ECE1",4.1990177020847e-05,0.994833337313134,-0.000252910253401979,0.225507911704512,153,-0.000254980957680677,0.256647583934543,212,-0.000260710446443442,0.0971629902937722,365
"666","HLX",0.679015497808702,0.410470018577146,-2.85099029609754e-05,0.921054306571881,153,0.000289068122296568,0.252023541272718,212,0.000153018638349301,0.419026737292028,365
"667","JMJD4",1.71811478815755,0.190769130734357,-0.000157872567576428,0.380192352488842,153,0.000156555186863022,0.317642308139018,212,2.88547150629065e-05,0.806599380446308,365
"668","TICAM1",4.26340789850338,0.0396553894851327,-0.000327670662683694,0.0528694360999474,153,0.000270722872355572,0.203127379529401,212,2.50694948608649e-05,0.860734388505793,365
"669","MFSD4B",2.40361569675243,0.121931367192635,-0.000329489444070573,0.100652848564478,153,6.12783934289904e-05,0.697873320941992,212,-0.000100870152799811,0.416153412884765,365
"670","ACACA",0.153445048647706,0.69549577777317,1.92551878939028e-05,0.901570194161161,153,9.86890472680408e-05,0.448314405009004,212,7.01302656478845e-05,0.481280835243881,365
"671","HCFC2",0.000291250161940589,0.986393348790464,0.000232774724798288,0.167669841210962,153,0.000237310498245397,0.209869010227121,212,0.000231682825585679,0.0761762117857175,365
"672","SAMD3",0.564918168707122,0.452775114669167,7.37199989814746e-05,0.7631707343815,153,-0.000195815516411073,0.427556661715569,212,-8.33953823551838e-05,0.635543301885599,365
"673","DCUN1D2",0.340838632306364,0.559710140894405,-0.000361243786255964,0.0444519326029453,153,-0.000243898953412843,0.0308664793346276,212,-0.000282439971680207,0.00469932363286219,365
"674","SIRT3",1.17139872532499,0.27983643639286,-0.000139857417632525,0.363915202868941,153,0.00011663927371888,0.484371728192742,212,1.20629912612506e-05,0.917422771013669,365
"675","ARHGAP22",0.488730978783127,0.484944094906113,9.33607940184875e-05,0.713066585251421,153,-0.000138228726831891,0.516154052876911,212,-4.69075009426627e-05,0.772904412605731,365
"676","NCKIPSD",1.06237081377234,0.303365128570944,0.00015269176146246,0.351884689145436,153,-9.97339944455487e-05,0.557619796796807,212,-3.24979752529646e-07,0.997844847949374,365
"677","KIF9",0.0639121887163501,0.800560012050575,3.46463755525013e-06,0.984891125451085,153,6.10389373175669e-05,0.665303429853925,212,4.64274222911387e-05,0.679244915157025,365
"678","NMNAT1",0.36001249064609,0.548875736380604,7.40123933391881e-05,0.743206267215851,153,-0.000106104299947322,0.586922879876387,212,-2.72864986029635e-05,0.853116116719452,365
"679","CLCC1",1.5330802785422,0.216455332636486,-0.000321066125541536,0.20718436666058,153,6.3312165022743e-05,0.738152929833857,212,-8.67198558474164e-05,0.57034413714798,365
"680","MAK16",0.0511242795709785,0.821246327659606,4.86831980736487e-05,0.814910795306667,153,-8.81509895652523e-06,0.954684475485631,212,1.63446566301301e-05,0.895694991271401,365
"681","CETN3",0.0558879952676355,0.813251392961863,0.000142208886426574,0.535824248083132,153,7.15961084831009e-05,0.708481069785212,212,0.000101853062098099,0.486824614366311,365
"682","ZNF577",0.114266607222717,0.7355344788517,-6.26941662774655e-05,0.637154602050988,153,-3.55183334442454e-06,0.974942513664085,212,-3.10575084305697e-05,0.717664809703147,365
"683","RFX3",1.24453987514299,0.265339956290319,0.000200321199893637,0.260419852993974,153,-6.93293685822305e-05,0.664046921226639,212,3.73335046398094e-05,0.753276697475902,365
"684","LMBRD2",0.0897851689129731,0.764622894536678,0.000165399611238569,0.321931821178525,153,0.000230303430439513,0.0978855887813286,212,0.000201682373811542,0.0582155681315997,365
"685","PIP4K2C",0.000404103496644824,0.983972850873923,2.9649967523371e-05,0.828820210563506,153,2.55494928845267e-05,0.856482191006934,212,2.33291036184034e-05,0.815749742171238,365
"686","UMPS",0.347921854642372,0.555660880229619,0.000490039162359221,0.0333034485404005,153,0.00066774992917564,0.000725688581176619,212,0.000589735001692433,8.00848205046566e-05,365
"687","PIGL",0.0621944313906958,0.803202415349042,-0.000134010353378603,0.449482704586601,153,-7.95920719955762e-05,0.552807320047427,212,-9.73117345778841e-05,0.363969738076772,365
"688","HSDL1",0.740818248682502,0.389970166793245,-0.000136294346248278,0.459560858105199,153,9.71529336185435e-05,0.603441595271399,212,2.78855158215942e-06,0.983282642577896,365
"689","PLD2",0.186534561398249,0.666074500628041,-2.32292409695903e-05,0.900836137749563,153,8.63478683829015e-05,0.606363647357733,212,4.10406802248706e-05,0.741464504338951,365
"690","TMEM209",0.884940604319213,0.347481087057668,0.000211556255948567,0.193256455852363,153,-1.08698173595708e-05,0.946563970961831,212,7.91679910543994e-05,0.495212187466058,365
"691","ARMC7",0.00381675986023074,0.950772275433682,0.000151218605331994,0.469419553113422,153,0.00013564400233805,0.372523057883256,212,0.000141989567369223,0.250938457831535,365
"692","SMIM25",2.71158945128616,0.100491885713944,0.000689072365925729,0.0100876840215126,153,9.44972516377429e-05,0.692174770860662,212,0.000333271813020861,0.0613841305162664,365
"693","ID3",0.0288104363572224,0.86531254397147,-0.000133388704552636,0.782214994794548,153,-1.9419229958268e-05,0.965521980873078,212,-0.000102545362885605,0.757956818025832,365
"694","CD3EAP",0.728362025113847,0.393980552223463,0.000189589334582487,0.295664121922963,153,5.89059970468952e-08,0.999654139202301,212,7.57982394151181e-05,0.486879049854027,365
"695","PRIMPOL",0.0401658476487614,0.841269518948339,-0.000137543630423479,0.434535634864243,153,-9.24808346118476e-05,0.515933469741911,212,-0.000108104815177367,0.327252942123735,365
"696","CAMK4",0.0667427410530215,0.79628698599864,-0.00109494516752175,0.000319719604493497,153,-0.000988944688039204,0.000359583434346464,212,-0.00105003804048803,3.54024011696239e-07,365
"697","F8A1",0.0210428347203879,0.884743281817507,0.000877275141675954,0.000676121248165211,153,0.000922405136905178,2.45573907707675e-06,212,0.000907965172830296,6.1552961592557e-09,365
"698","INPP5E",0.886544121543861,0.347045177654685,-0.000185780929495467,0.255350352929828,153,2.8151909100418e-05,0.853234819356446,212,-5.90299296995527e-05,0.59659294565789,365
"699","DPCD",0.781790760257361,0.377182507019642,0.0002492123164245,0.127811221057508,153,5.8072001010363e-05,0.679170604640823,212,0.000133071101491915,0.21047630862493,365
"700","TBKBP1",1.22599595584372,0.268924372956582,-0.00039869107928598,0.0914116928048442,153,-4.89204554342518e-05,0.813123147096767,212,-0.000183999589773272,0.236975875384142,365
"701","ACY1",2.85488825589974,0.0919599208403405,-0.000250372976319223,0.12469507182348,153,0.00019371399757791,0.304687858989179,212,9.80131246447813e-06,0.939611869741955,365
"702","RNF121",0.149722960196778,0.699028244539423,-6.2203613114679e-05,0.70376910589343,153,2.56901759278845e-05,0.865619529071741,212,-1.72912265059231e-05,0.877048130901077,365
"703","ZNF785",0.657737958956484,0.41789402527359,-3.80780984108812e-05,0.849173922998234,153,0.000158787214478633,0.280472102171934,212,7.75735360619659e-05,0.514921623547999,365
"704","ACVR1",0.0283949243159011,0.866278071196904,-0.000102645983432029,0.473874358321085,153,-0.000142377279018667,0.403126665448064,212,-0.000135302404376974,0.244779647725788,365
"705","ZNF557",0.876567272266,0.34976949311737,-0.000164847150636535,0.406438424125941,153,7.97912117264184e-05,0.636782816812719,212,-2.39047554081728e-05,0.852228694942549,365
"706","LINC00339",0.350569949617424,0.554161308993819,-5.48086697723508e-05,0.77667069901255,153,7.94381112203801e-05,0.550253685633419,212,2.58161279667558e-05,0.816416043971188,365
"707","TMEM68",0.545910909753573,0.460473430592029,-0.000114728195428473,0.405040071255022,153,4.02582018545711e-05,0.784023281947292,212,-2.37782177323516e-05,0.817252803858544,365
"708","EVI5L",0.667401398973221,0.414497863369421,0.000190878327106605,0.143790249771597,153,4.17061730774268e-05,0.734070921034134,212,0.00010215117915421,0.25458899076728,365
"709","VASH1.AS1",1.4181073403743,0.234497598906899,-6.31897951199004e-05,0.745051049790039,153,0.000275783104778751,0.159756413317371,212,0.000129023281617255,0.357828268377226,365
"710","NUP155",0.480930553150173,0.488447069468833,8.71879340126658e-05,0.740499334806262,153,0.000294360907375178,0.0820456621313214,212,0.000206575711215127,0.159324041351925,365
"711","LIN52",0.0395143699092198,0.842545010844084,-6.86256202623494e-05,0.648364939045824,153,-2.8982939280636e-05,0.822894821132923,212,-4.5288401683628e-05,0.643202590534803,365
"712","CCDC146",0.0188504209113425,0.890872713634623,0.000225688763642807,0.334345869449157,153,0.000263949377606654,0.113383404073941,212,0.00024820085797948,0.0698336665735729,365
"713","UQCC1",0.0299962486045595,0.862595809925929,6.31633195463164e-05,0.780089940635613,153,0.000113834363803715,0.542256687161319,212,9.09359909856405e-05,0.526205037374648,365
"714","NFS1",0.00625850920659827,0.936988374504136,-0.00011052499347593,0.554736684995068,153,-9.10336853081204e-05,0.56782851310531,212,-0.000100949391687507,0.40352643833545,365
"715","MTERF1",0.306761774831032,0.580017016148843,-3.49967234547921e-05,0.785386193548663,153,6.12765553442032e-05,0.592138485254253,212,2.11339660003809e-05,0.804194242617077,365
"716","AC015813.1",0.00292039956495547,0.956932614057826,-0.000182805604012447,0.281080158505407,153,-0.000196073395434508,0.243814325680856,212,-0.000196300436508212,0.104144448657912,365
"717","RBMS2",2.44128646416524,0.119055442809265,-0.000261500240346089,0.161049885504564,153,0.000113802190439394,0.457689224855604,212,-4.21056090397171e-05,0.721655016023384,365
"718","ZNF398",0.0452363889139561,0.831690001260218,0.000155360235235993,0.313878186587503,153,0.000197717958062139,0.120813446251934,212,0.000181603589222647,0.0635015908740736,365
"719","LEF1",0.000534918237627279,0.981560710539468,-0.00109591299851769,0.00330585810313212,153,-0.00110843375441337,0.00327726730868137,212,-0.00112897017677864,3.05770770404761e-05,365
"720","KCTD13",1.30465132503206,0.25412236152072,-0.000284249264733803,0.0452563348662545,153,-3.32766601067028e-05,0.830324776190865,212,-0.000139283446384762,0.197651091162954,365
"721","UBR5.AS1",0.541044273217318,0.462477886057435,3.8634569601392e-05,0.784949561976363,153,-0.000103301352171058,0.418304025566088,212,-4.90936411861281e-05,0.604556699082561,365
"722","FGFBP2",8.77276857458882,0.00326004589264379,0.00425230732498759,0.000181046687839944,153,-3.90335030988151e-05,0.966559592192183,212,0.00175861635243914,0.0151663983146909,365
"723","BEX3",0.842854677633216,0.359194568283438,-0.000226227554118162,0.345183211763896,153,-0.000514397985313881,0.0116314190576249,212,-0.000403885492103906,0.00919162128919726,365
"724","PLCXD1",0.000886327139079851,0.97626594200163,0.00010205670848085,0.573361504550205,153,0.000110312548917435,0.570823774137933,212,0.000101978452992678,0.453799402391534,365
"725","ADAM19",0.087138548857915,0.768016611943683,0.000118452639925172,0.391418940451282,153,0.000173862399065594,0.161439452293749,212,0.000140416090617341,0.132290749492696,365
"726","MAPK7",0.224442373839727,0.63596208218302,0.000131645580356541,0.304734370965781,153,4.84747448278864e-05,0.677249643770783,212,7.98532213618e-05,0.354225131756694,365
"727","ZNF747",0.0067817384063391,0.934412993679255,-4.9545513534152e-07,0.996823715471398,153,-1.45700161218449e-05,0.897825295778676,212,-1.13374590516995e-05,0.892430494257495,365
"728","CNNM4",0.0589212393197681,0.808347015832749,-0.000162934026572497,0.240423258625959,153,-0.000113547886715663,0.417940126225279,212,-0.000132786725909495,0.183604398285553,365
"729","S100A13",0.767860933128089,0.381462311816692,-0.000198861075722213,0.35705780957783,153,3.93770138195509e-05,0.817027011457099,212,-4.86328494561361e-05,0.7166321629425,365
"730","TMEM263",0.0437369492080007,0.834461744131376,-0.000136396229609182,0.435641732141611,153,-8.75317055658734e-05,0.56623510665197,212,-0.000107639788970333,0.347590532053537,365
"731","ERMP1",1.98274135962783,0.159962480979644,0.000380459916967282,0.00603504264698382,153,8.80730064545036e-05,0.544079959318526,212,0.000200189763351033,0.0514656801976094,365
"732","PKIB",0.676811186962047,0.411230027911022,0.000385160436224164,0.386624010495486,153,0.000933199452165793,0.0448743680795412,212,0.000688879331418327,0.036250874428552,365
"733","ZDHHC21",0.024609021879671,0.87543292748936,1.15706206393059e-05,0.933996550866684,153,-1.85766404656337e-05,0.884351617072364,212,-5.08871830348153e-06,0.956923534693926,365
"734","SYNJ2",0.293130926955055,0.588555073337907,-6.25384102332018e-05,0.709500053917299,153,6.51046207839413e-05,0.681446621049869,212,1.36230293107345e-05,0.906194043891023,365
"735","AC245014.3",0.488205778242998,0.485178639150568,0.000352119384261304,0.49102699493129,153,-0.000182764736656175,0.731196146502438,212,1.89193966109685e-05,0.959883946580574,365
"736","PLEKHA5",0.0363423643351734,0.848917369270417,0.000273092327338596,0.138532030419813,153,0.000319062100926485,0.0412116575476422,212,0.000295739414772601,0.012842418293615,365
"737","TESK2",1.80493708875506,0.179960652446356,-0.000223348255514067,0.130009813949335,153,2.94973949225597e-05,0.80461681924744,212,-7.02527357478826e-05,0.448205727042582,365
"738","GEMIN8",0.274136033998579,0.600891940859407,-0.000165723888492632,0.325195435818036,153,-4.19365975199797e-05,0.792103129700292,212,-9.22645902615006e-05,0.426295287892943,365
"739","MTHFD1L",0.0162442612228427,0.89865285334727,-0.000132040082579802,0.479976743674299,153,-0.000167260371059594,0.381340585206611,212,-0.000155277981519591,0.252191156686,365
"740","IL2RB",3.87101133857459,0.0498921557841044,0.000783773417149305,0.0114472977331418,153,-3.96148283256967e-05,0.886196825409543,212,0.000296406035948911,0.151203645810306,365
"741","UTP20",1.73423350503222,0.188706484700489,0.000361448374721806,0.0517555985756261,153,6.14086318108403e-05,0.661171777392914,212,0.000182949946869328,0.102839158490323,365
"742","AC092747.4",0.269935207818613,0.603693642774074,-0.000224115527715503,0.156700312781589,153,-0.000114530634619322,0.406065627171737,212,-0.000160638834065924,0.121031601161146,365
"743","FBXO30",0.477143612649474,0.490162897764004,-5.0461822212874e-05,0.730562643279808,153,0.000104702405596117,0.506918820296124,212,3.672783189661e-05,0.739270499256354,365
"744","CD7",0.802276255814981,0.371010528616581,-0.000431911322717776,0.252202452039783,153,-0.00087165948011374,0.00613557346388599,212,-0.000700185703782621,0.00389091377450002,365
"745","ZNF836",0.589484967524206,0.443120245612966,-9.15336733542853e-05,0.525882877335475,153,4.19804974590699e-05,0.68857839754929,212,-8.97141333108522e-06,0.916371763419315,365
"746","ZNF880",0.163732835454124,0.685982426700097,0.000161981952947967,0.402826782000867,153,6.06820639497197e-05,0.704298885708265,212,0.000106379768265362,0.3868467051315,365
"747","ZNF707",2.86975238962241,0.0911212663559711,-0.000250159314380347,0.0612593121130268,153,0.000102248215689976,0.487838978881852,212,-5.10189262542945e-05,0.620864929867995,365
"748","BCLAF3",0.0115165038283869,0.914598719619605,4.48134655184934e-05,0.729262063155888,153,2.24974205915279e-05,0.879770212336458,212,2.57632194947184e-05,0.801032135691609,365
"749","MDM1",0.258804445788771,0.61125347238618,-9.81017937675818e-05,0.588797915907922,153,-0.000232381469789116,0.199733666137207,212,-0.000179748712560941,0.165539131499572,365
"750","AL035587.1",0.518967769663582,0.471748527554097,1.43933001218148e-06,0.991664508496117,153,0.000145458442506522,0.288275662268827,212,8.63848180132394e-05,0.37859835741725,365
"751","SPON2",2.88356979550587,0.0903491435015793,0.000530154031026022,0.443950299643943,153,-0.000882660239957981,0.0784646605766841,212,-0.000249195079515883,0.549580262311528,365
"752","SLAMF6",1.70663849467426,0.192253790268535,4.51262642331878e-05,0.84271753799612,153,-0.000366683460652209,0.0825144762119804,212,-0.000202794691106584,0.191211881279384,365
"753","SLC27A1",0.321967197970359,0.570780506824622,0.000170338550083685,0.451431171901251,153,0.000391084289448014,0.170827284957189,212,0.000284324641758788,0.13935651176509,365
"754","RPP38",1.14662686716486,0.284971764830336,-3.86073554942552e-05,0.873428495381675,153,0.000306524316520999,0.144867539484051,212,0.000173884651539406,0.273367103022199,365
"755","CCDC170",0.00424205549441664,0.948105699257797,4.20211011039049e-05,0.863779220845179,153,6.34928419021046e-05,0.769011247216697,212,5.1482484955674e-05,0.750127217749204,365
"756","AC245140.2",0.321152793581697,0.571267844954218,-0.00030700528852179,0.345550044164166,153,-0.000553905790983423,0.0529700831794136,212,-0.000460166819893057,0.0319524329182811,365
"757","AC114271.1",0.520788518379895,0.470972660350415,0.000166078571767783,0.48930895965217,153,-6.68681029121374e-05,0.751976487754187,212,2.61979977245104e-05,0.868599473904507,365
"758","SAYSD1",0.196225533589488,0.658050216661465,0.000202234930730557,0.368766766323858,153,8.41085473884824e-05,0.594903367161683,212,0.000133038819277435,0.309231947261923,365
"759","CSGALNACT1",1.53535950643502,0.216114856440747,-7.96988072739207e-05,0.691276028721915,153,-0.000408551845852477,0.0183364428435592,212,-0.00027110054632442,0.0382265703176885,365
"760","PLCD1",0.259365674834375,0.610867431660778,-6.63703232124592e-05,0.732608488492699,153,5.04180930201895e-05,0.709421255775483,212,1.08043846172981e-05,0.923799849747263,365
"761","LYRM9",0.693690222939637,0.405462702591994,-6.5631804567265e-05,0.682798642485353,153,-0.000242388089104865,0.0790579307803787,212,-0.000165036847317529,0.114363375544966,365
"762","APOO",0.241198032600638,0.623640596920228,0.000308315740089502,0.0354032743039821,153,0.000213574890225328,0.0893036880968319,212,0.000250187905312668,0.00850348976538593,365
"763","SLA2",0.0675963433296802,0.795017417176236,-0.000296584455638499,0.08481594085715,153,-0.000234328234131944,0.145677214812189,212,-0.000260150138663968,0.0271820329168313,365
"764","IQCE",0.0118088916364819,0.913525624651388,0.000243120922447282,0.160149665920524,153,0.000212875154076718,0.286328417372252,212,0.000217439107443458,0.112632459089996,365
"765","TUT1",0.0178372838244083,0.893827866302556,-6.41996799254809e-05,0.730658807857134,153,-9.67285043053158e-05,0.536816803163119,212,-8.55127031260424e-05,0.474080546296115,365
"766","POGLUT3",0.291496336965576,0.589596117023572,5.84891958919561e-05,0.69129697150568,153,-5.74083114383073e-05,0.696631006095222,212,-1.53411836261055e-05,0.884378048653706,365
"767","AK1",0.0469970771961743,0.828495951302885,-0.000110767146249225,0.596942015247022,153,-0.000166236143518226,0.287215560623696,212,-0.000137445125076577,0.274550152774522,365
"768","WWOX",1.37270715790862,0.242119986651612,-0.000116355383489996,0.473012689354815,153,0.000136180862413528,0.332193890819328,212,2.58336812262862e-05,0.807969091924519,365
"769","TRIM59",0.665422434511826,0.415190012254899,0.000154773106850337,0.309690487669525,153,-2.48605448450693e-05,0.868811451999274,212,3.87358269868431e-05,0.721894795944442,365
"770","NFXL1",0.00658920350653687,0.935348632722763,8.86296712334748e-05,0.642607361629809,153,6.87283952409522e-05,0.658855870410259,212,7.33511798561236e-05,0.54200450068872,365
"771","MFSD2A",0.0773938318240035,0.781020047819468,8.71635462597915e-05,0.55579360911026,153,2.74600283110214e-05,0.851678617135909,212,4.87044208086157e-05,0.64369742853695,365
"772","APBB3",0.010318969242596,0.919144604663026,-0.000156454910477428,0.53080386978157,153,-0.000186492019012789,0.287577759122853,212,-0.000172375802558052,0.234825528392888,365
"773","PAXIP1.AS1",0.01961866999194,0.888685434842509,-9.03292257801796e-06,0.967176586639601,153,2.51635819171098e-05,0.851435316654341,212,1.37077331381147e-05,0.9088401472418,365
"774","ALKBH2",0.101274472132998,0.750489564626911,-0.000197722021562433,0.223321661337738,153,-0.000119405481681615,0.48798468142555,212,-0.000153557248665158,0.203696896384059,365
"775","LINC00861",0.802595503424202,0.370915468949499,-0.000569213081395153,0.0870593854719045,153,-0.00106325492512761,0.00831814118561961,212,-0.000890991561240028,0.00121747427315292,365
"776","ZNF7",0.36575327935257,0.545708179740133,-1.31821442486836e-05,0.935980194311596,153,-0.000168249421217883,0.354176874851524,212,-0.000104730820391965,0.405109944881191,365
"777","POLE",0.255680841820935,0.613411722952169,-9.77707643577932e-05,0.591545426411694,153,2.17494464975677e-05,0.885645588338674,212,-2.88936773339084e-05,0.803173817357753,365
"778","ZNF134",0.0821280875852673,0.77459834224804,-0.000204862770983566,0.344154312787056,153,-0.000129352837423632,0.419805170114171,212,-0.000153322337376259,0.236834352800424,365
"779","CLECL1",1.76489531986233,0.184854272597798,-1.79637599544842e-05,0.947573500129777,153,0.000477467838208656,0.0539915475539627,212,0.000265761848909856,0.148477115822202,365
"780","HAAO",0.156824004032502,0.692331521876726,0.000133755116060926,0.329810692584013,153,5.71188255402581e-05,0.661786562979896,212,8.71286839012772e-05,0.358782837067957,365
"781","LINC00476",0.72555706565233,0.394891819431378,-8.86512753378055e-05,0.650810161004033,153,0.000122259277464821,0.43163702198703,212,3.85302266921921e-05,0.751220839930224,365
"782","RTN4IP1",0.149642762705315,0.699104909612924,0.000280690880369002,0.0334187454744232,153,0.000205162418785277,0.130618959302253,212,0.000230997283591918,0.0164904328658409,365
"783","GLCE",1.21844144047325,0.27040196846268,0.000121795499604751,0.481648384535537,153,-0.000154100236110346,0.367048345945292,212,-3.67703234391748e-05,0.764758581956328,365
"784","NOC3L",2.32439315393557,0.128235430334709,-4.31583376387857e-05,0.821611064146565,153,0.000388599050611165,0.048026139208275,212,0.000205692095881628,0.141025999902676,365
"785","SLC12A2",0.0341479001858014,0.853496340460465,-2.92208547102375e-05,0.869041223043563,153,-7.4111216063083e-05,0.645574783163293,212,-5.94451687965625e-05,0.617972716585522,365
"786","GID4",3.34267810543464,0.0683297117305476,-0.000293013842381769,0.0726485179082743,153,9.42132475766744e-05,0.488697029606315,212,-6.3445338402176e-05,0.543060300913464,365
"787","NEK1",0.111096658812472,0.739092545474498,0.000123736178124433,0.548296908451318,153,0.000215619483005156,0.232002488520847,212,0.000169584172149481,0.211617916141273,365
"788","CDR2",1.57481859951954,0.210320407196076,-4.3729795339207e-06,0.979863779444961,153,-0.000315082403269191,0.0619396502238524,212,-0.000202300088370059,0.100872207221049,365
"789","MCM4",1.05557869210588,0.304913660771774,-0.000132977591112388,0.437856736475748,153,0.000108695251457347,0.486747182067635,212,1.43876522944151e-05,0.90096073473188,365
"790","TRANK1",0.0996269012629661,0.752460220977142,-7.15877988377298e-05,0.741800231799145,153,3.09086381779272e-05,0.890928856956282,212,-2.36233778906404e-05,0.882686113409401,365
"791","NLN",0.769601063338707,0.380923928331086,-9.25072581050892e-05,0.670166683558588,153,0.000160506589614988,0.392392367884668,212,4.7188560025653e-05,0.739922942436243,365
"792","CNNM2",0.739719725054465,0.390321481537885,3.63567306607032e-05,0.826425111936058,153,-0.000164317790400918,0.296223881144093,212,-8.83359313085311e-05,0.441625614975032,365
"793","ZNF736",0.37188145395571,0.542364142754072,-0.000211983382645295,0.265865951311336,153,-6.77027373562782e-05,0.644090894358095,212,-0.000131415280956605,0.258505384331092,365
"794","ZNF414",0.0243131935986858,0.876177808255709,-0.000219346568518321,0.176620412564368,153,-0.000255252067854392,0.102810672244863,212,-0.000241734637273402,0.0327771035391971,365
"795","RGCC",0.628601063048603,0.428389662200707,0.00197629091023569,0.103533559303539,153,0.000756808250068191,0.435484751518881,212,0.00123584512267914,0.102274794189211,365
"796","CLEC11A",0.108867952501673,0.74162803536773,-4.64867866954471e-05,0.793467886676983,153,2.73540299554499e-05,0.845150711003753,212,5.57754276262249e-06,0.959662630561243,365
"797","CD27",0.080425617586701,0.776884023610225,-0.000738576169194331,0.0601747505526278,153,-0.000898302951119749,0.0201504940079177,212,-0.000846952216422642,0.00235591248184888,365
"798","TLR10",5.32519935863147,0.0215841785129891,-0.000261823247574055,0.502603075670113,153,0.000944117195621446,0.00615314774812246,212,0.000451422794684598,0.0808335595376862,365
"799","ZBED3",0.244403138431892,0.621344565330143,-3.47536199828842e-05,0.838212389292608,153,7.66419033539259e-05,0.600154939524434,212,3.06365952024058e-05,0.781560722663944,365
"800","SNX32",0.0213281189798522,0.883970142931979,8.2736861263614e-05,0.741920152758507,153,3.23493772655288e-05,0.887704772836677,212,4.33018982009155e-05,0.798491045147415,365
"801","COX10.AS1",0.566453705750723,0.452162057377225,-0.000187249183465897,0.295484154352348,153,1.94157878207061e-05,0.919849539745338,212,-7.00782605795103e-05,0.603398917144474,365
"802","ERV3.1",0.950540192037937,0.330234679105183,0.000336089517544454,0.0529394880194221,153,9.19089533874162e-05,0.591898161869748,212,0.000187071255966963,0.129107926336049,365
"803","C12orf65",0.0333315475639429,0.855238460299373,-0.000107928788193704,0.613380099442837,153,-5.43062159791798e-05,0.780857551348392,212,-8.25944017693872e-05,0.566936902620848,365
"804","SETD4",0.238561085602419,0.625543864690489,-0.000183030585221015,0.311870479467461,153,-8.15423625437287e-05,0.493951791714167,212,-0.000123783022714788,0.224856683085764,365
"805","RELL2",1.27279573311124,0.259992074686512,1.5524836365791e-05,0.91477728622846,153,0.000226773198600639,0.0584302817043524,212,0.000139096413185457,0.130984651429767,365
"806","DPP4",0.00743414005731465,0.931338173325641,-5.03651873039949e-06,0.974933870922605,153,-2.65639912876367e-05,0.88032196277525,212,-2.93587688712678e-05,0.811888446112788,365
"807","LRRCC1",4.11292880011741,0.0432905347203516,-0.000348831653961558,0.182953788450204,153,0.000339430227182936,0.119368400786306,212,5.63593796239573e-05,0.736240450304923,365
"808","LIMA1",0.295323148275453,0.587164762647928,-8.1147544597305e-05,0.789983963243572,153,0.000111882036989516,0.58860498805025,212,2.68083055471384e-05,0.877813815371004,365
"809","TRIM37",0.508161988137305,0.476396117344644,3.50591795588914e-05,0.79386046983309,153,0.000187101955991429,0.219016355223332,212,0.000120820472129516,0.249236911162198,365
"810","DUSP16",0.00951431702564034,0.922350622079414,-0.00024191704519895,0.250075159667622,153,-0.000272708293343895,0.215414375391573,212,-0.000267050026443077,0.0855490828230735,365
"811","S1PR1",0.645097309591258,0.422399488431047,1.50005080182394e-05,0.960631778715586,153,-0.000333526710492641,0.258092061175028,212,-0.000204738787631049,0.338220157729921,365
"812","GZMB",3.0842088690342,0.0799036314718456,0.0027592701157762,0.00952383806445615,153,0.000393576979274771,0.644613127176857,212,0.00141912772472194,0.03413630177993,365
"813","CENPN",0.0279092971257185,0.867415779924616,-1.81512201320619e-05,0.899256523020968,153,1.86703837304121e-05,0.904061813376059,212,-7.74859335850427e-08,0.999428338053061,365
"814","SQLE",0.0957884324910372,0.75712200917533,8.47998006224792e-05,0.753033005602988,153,0.000180852728497786,0.3108809773388,212,0.000137543175004151,0.366531196034317,365
"815","ZNF814",0.0295111894048564,0.863700291657877,-1.01466451447219e-05,0.950662505059566,153,-5.20649123876983e-05,0.75806657249111,212,-3.90217843211096e-05,0.744504699542114,365
"816","AC026124.2",1.28259133336167,0.258169421930745,0.000120987818849647,0.517284778213196,153,-0.000130740153759878,0.32328279770266,212,-2.74346947336343e-05,0.801536213841665,365
"817","HFE",4.10930486625251,0.0433822999349582,-7.41258759034396e-05,0.666618541664061,153,0.000379431429931464,0.00867022002690567,212,0.000195420508546917,0.0770759839649622,365
"818","USP40",0.0889934216056695,0.765632361892668,-6.79047915026028e-05,0.776966370990622,153,3.65146405441855e-05,0.879212152168659,212,-1.97316201005305e-05,0.908957082351408,365
"819","LINC01588",4.31185503212411,0.0385547115829168,0.000504122166580855,0.0462178866048061,153,-0.00017374230675318,0.40625492502991,212,0.000104039996641587,0.51816389208318,365
"820","S100Z",0.0349861334031918,0.851729794955267,-6.37741376327547e-05,0.753404015056426,153,-0.000111725457180871,0.48711299560389,212,-8.5838631496295e-05,0.495647223408845,365
"821","SLC39A4",0.268058771560277,0.604954071410727,3.30529335922469e-05,0.883290819276306,153,0.000166435439582391,0.257806300915439,212,0.000112200395118542,0.374674168921256,365
"822","MED21",0.304779693276001,0.58124298817142,-8.2274645453893e-05,0.712855175968093,153,-0.000228608841580087,0.146547500086158,212,-0.000167380540450534,0.198378424896939,365
"823","ZNF346",0.0739898138729051,0.785769302842257,-4.05959380954902e-06,0.97836970233987,153,-6.94108570145176e-05,0.686187312807348,212,-4.71442247441225e-05,0.689332745774185,365
"824","TEC",3.50812390397974,0.0618765086855472,-0.000129572668559341,0.372653164236159,153,0.000267811788975832,0.0671417306268314,212,0.000106394534549225,0.308966637124846,365
"825","CEP162",0.77756399591093,0.378473934006029,0.000204848313214637,0.143165076879129,153,2.57847774637033e-05,0.853062038689695,212,9.46350926445416e-05,0.343315279979378,365
"826","ZC2HC1A",1.38376042016858,0.240236756938356,-0.000136044008876173,0.43639771371549,153,0.000156739515635423,0.353440935853265,212,2.7006502663622e-05,0.826189997995752,365
"827","FASTKD3",0.429259315083333,0.512769881458313,2.83262766757696e-05,0.839255607776552,153,-0.000115760600578482,0.458625125669535,212,-5.61067197095315e-05,0.603008764198831,365
"828","DCUN1D4",1.46437109271511,0.227027678189857,-5.58713878637733e-05,0.726697536076171,153,-0.000314226348639927,0.0249651399871783,212,-0.000212131833040203,0.043850927013608,365
"829","ALDH6A1",0.00215010227256333,0.963041628634081,6.86606142854722e-05,0.646783513299503,153,6.01029024144918e-05,0.595998915151021,212,6.14402446529659e-05,0.497361311009931,365
"830","ACO1",0.03045744791822,0.861554156686065,0.000116091548873516,0.39559778081886,153,8.15859262786996e-05,0.546294241974611,212,9.32459213450852e-05,0.336548394208842,365
"831","ZFP62",0.416009431331281,0.519344682168055,-3.75854706844381e-05,0.832779656189873,153,0.000102872699434827,0.439193231173649,212,4.69802453606721e-05,0.660109275647105,365
"832","FLCN",0.370010997522826,0.543380789944458,-3.53547287758207e-05,0.8507497150749,153,0.000116728978226914,0.473473254173365,212,5.56518186258837e-05,0.649967119508414,365
"833","PAPSS2",0.161194230027459,0.688296952331671,0.000154646567069907,0.588332120710401,153,0.000286718937433229,0.13023128596829,212,0.000224223089117579,0.166044056117283,365
"834","BX255925.3",0.0822467915953877,0.774439933986596,-3.99441323768918e-07,0.998560425462394,153,-7.58487409201727e-05,0.627373321938969,212,-3.86072278268828e-05,0.765181151792042,365
"835","ERI1",0.692540916832639,0.405851624049016,0.000119724835649833,0.474728563658628,153,-5.52935436163074e-05,0.673709393672924,212,2.06244005963725e-05,0.841832371506505,365
"836","TIPIN",2.29879342230776,0.130349670493594,0.000499539648433809,0.0783644632848649,153,-6.95528006984515e-05,0.77576972447715,212,0.000172184114629622,0.352228609792389,365
"837","AC004847.1",1.41242440605529,0.235435578998626,9.07897890797735e-05,0.589154781017968,153,-0.000150117591165569,0.219820525050849,212,-4.42291374477186e-05,0.658494603207675,365
"838","DBR1",0.403436854663233,0.525722017256624,0.00026989484564581,0.070187016570422,153,0.000142411719503904,0.281668529678497,212,0.000187048343379245,0.0592857755879573,365
"839","AL355075.4",0.749431467049718,0.387231239535428,-0.00193591545024876,0.0282434797093853,153,-0.00295947244785612,0.000180256200395959,212,-0.00255161983837443,1.42320082625974e-05,365
"840","ZNF780B",0.923246448722539,0.337267124341042,-0.000129397856612714,0.429640407312003,153,8.15026663468673e-05,0.570462327524047,212,-6.2821867495282e-06,0.953503714930544,365
"841","FBXO4",0.518050729948496,0.472140085030463,-0.000116408980739379,0.548549290673784,153,5.47271410947454e-05,0.706637876718443,212,-1.12470098264691e-05,0.923250126557656,365
"842","IGHMBP2",0.0883278053639611,0.766484804791157,0.000142349089243206,0.534299252120322,153,5.12427200193902e-05,0.798158003896801,212,8.24953606215742e-05,0.583626236804497,365
"843","CD40",1.55525823962874,0.213169332834231,9.71088258725375e-05,0.675019864017336,153,0.000462342418803677,0.0125177259825403,212,0.000300647881319874,0.0384764124924572,365
"844","GZMH",1.88750019478348,0.170336604404388,0.00435035173528035,6.7505449810849e-05,153,0.00246845054310834,0.00503159271666583,212,0.00328584235319207,1.73474338252868e-06,365
"845","AC092809.2",0.290320866278828,0.59034708881529,0.000471693838476384,0.0936630789158839,153,0.000255701667204459,0.348339568572904,212,0.000342937170895831,0.081680601832598,365
"846","SIPA1L3",0.130490807186555,0.718135008317243,1.58075164956249e-05,0.908759744039262,153,-4.89597363579457e-05,0.669926620131681,212,-2.45842532464661e-05,0.779826111778476,365
"847","TRAF1",0.0742354318966468,0.785422735743475,-5.86734167948277e-05,0.761780040798568,153,-0.000126596686497451,0.42518024497408,212,-9.50461977471119e-05,0.437288500429899,365
"848","SLC25A42",0.877816757043448,0.349426711746124,-0.000191416156295568,0.152631542688375,153,1.02395664610268e-05,0.947056675878569,212,-7.92058924055811e-05,0.455305080034761,365
"849","PRAF2",0.0419530772753013,0.837824676737951,-0.000232839161932821,0.157338408334962,153,-0.000286511509288002,0.126519640852234,212,-0.000275232482451766,0.0337409761643994,365
"850","PATL2",0.00164719938172061,0.967648617535949,0.000272014804386612,0.20143928912649,153,0.000283013936695793,0.0994751183060165,212,0.000279431114393997,0.0359793902607171,365
"851","SCARF1",0.00643996915358511,0.936083355183318,-0.000127184133721438,0.566515795947422,153,-0.000106375215707072,0.482611955261946,212,-0.000119476762842196,0.348049666407387,365
"852","PLEKHG3",2.77758785173832,0.0964593757539928,0.00029519463311132,0.353133278360437,153,-0.000380780937293928,0.138697319986432,212,-9.95938061162286e-05,0.618006742034847,365
"853","MS4A1",0.594485994884663,0.44119398098406,-0.00125346983494481,0.0333149120022235,153,-0.000672476625539216,0.161951277127068,212,-0.000917311209929382,0.0135007233319748,365
"854","PLAGL2",0.00393018552844233,0.950047107428546,6.55391848526316e-05,0.675561568769733,153,8.06694936177165e-05,0.63484495840332,212,6.59066316990274e-05,0.579295061798697,365
"855","ARHGEF11",0.15055292421443,0.698236220709346,-7.64155504447918e-05,0.678857647664043,153,-0.000169974470107459,0.27355905828502,212,-0.000134946378587574,0.254357987338871,365
"856","CA2",0.324504926886746,0.569267144491334,0.000196690065400691,0.348333174957698,153,0.000356810909176959,0.0535157261618096,212,0.0002803420844734,0.0437376502094791,365
"857","BDH2",3.00819912871629,0.0836978851118213,0.000125251897292048,0.539220578939696,153,-0.000318087809658253,0.0468463750750999,212,-0.000133804793859914,0.288182707280924,365
"858","NUDT18",0.0759156778520772,0.78306826046473,0.000138272792517141,0.512678152977253,153,7.32485363735019e-05,0.575562293219917,212,0.000108668144386739,0.350362989623938,365
"859","PVT1",0.00919371278883485,0.923666024943508,-0.000284406775094301,0.109349291444315,153,-0.000259228326046731,0.154642327102091,212,-0.000278065835780081,0.0319449134054079,365
"860","TRNT1",0.00445540768547086,0.946818603206739,0.000136731901671807,0.625164413799489,153,0.000114682851387436,0.556351288209044,212,0.000138623911733723,0.395707181140205,365
"861","C2CD3",0.0572384062622228,0.811050997604535,-0.000171159240273295,0.331509449772343,153,-0.00011434401199793,0.463790834460584,212,-0.000136035583042661,0.243066868540401,365
"862","GRK5",0.071114804978506,0.789872748422707,-7.82170625711499e-05,0.630104536092016,153,-1.71874917065189e-05,0.911265183789148,212,-4.78275048030169e-05,0.670619941140048,365
"863","ZBTB46",0.108706780015058,0.741812505589622,0.000293799432132369,0.156783920997118,153,0.000379869683766305,0.0210044531317458,212,0.000348642811295817,0.00676185708307241,365
"864","TXK",0.251759082099657,0.616145033849665,-0.000576020671650804,0.00928447286014719,153,-0.000725922967563599,0.000298178090987541,212,-0.000665532652780195,7.44541542795566e-06,365
"865","BCAT1",0.174759208941948,0.676164879509738,-7.78015853684733e-05,0.773886584849378,153,9.74634342525344e-05,0.741586361098757,212,1.97908307707454e-05,0.923354043806164,365
"866","SMYD3",0.0640341505899604,0.800373843778143,-1.98477780752387e-05,0.93067835261959,153,4.49841626568947e-05,0.752695767453148,212,2.74241142562874e-05,0.827910273138988,365
"867","AL133415.1",0.000558759112843021,0.981154352712931,0.000288588764431809,0.341246554533016,153,0.000278740315935577,0.314748968176515,212,0.000273603202892109,0.181626652501975,365
"868","FTO",1.80529226156612,0.179917924246136,0.000136815467845053,0.331650809134503,153,-0.000120570158619602,0.341091686698599,212,-1.27574517450817e-05,0.89226946645099,365
"869","PCED1B",0.772428911162894,0.380051307208551,-0.000372002930357737,0.160196392030038,153,-9.32043677305979e-05,0.62455342572881,212,-0.000211206412758954,0.175619291942811,365
"870","ZNF426",0.182635718943192,0.66937265201276,0.000123099302399478,0.45498019672629,153,2.80281518794824e-05,0.848028119464514,212,7.02407327729375e-05,0.520038246479802,365
"871","ZNF675",0.579004757908119,0.447199423449323,0.00020167823199296,0.273812623221189,153,2.71438687665365e-05,0.848719874662013,212,9.64408903671563e-05,0.391737114664705,365
"872","ZNF354B",0.781756657984416,0.377192901574803,-0.000172102928532765,0.444639055713239,153,4.95197093859345e-05,0.720312948630553,212,-3.37125275412624e-05,0.784669050915803,365
"873","SLC2A11",0.182883831024316,0.669161531079464,-0.000170442930144787,0.357220578771463,153,-7.38322101942994e-05,0.59201342737511,212,-0.00011749224763712,0.289766768000749,365
"874","ITGB3BP",0.00226668055782222,0.962053653626373,-0.000408912187172412,0.0707205525891633,153,-0.000422375663093655,0.0174757575138791,212,-0.00041160084419414,0.00319874655470944,365
"875","CDC23",0.0266099240215382,0.870510912442441,0.000307173909693062,0.0750204761610956,153,0.000266222686512039,0.123722293500009,212,0.000282449532149755,0.0221900523693691,365
"876","ITIH4",3.69546285667554,0.0553473040524455,-0.000252948941476361,0.150978065301762,153,0.00016773645290272,0.217344787687991,212,8.29067822029174e-07,0.993875503985651,365
"877","MTRNR2L12",0.0429405252704804,0.835954139236036,0.00489420163093396,0.000671741369438942,153,0.00532172371475508,0.000219705224392657,212,0.0051230254904136,6.45497434383556e-07,365
"878","AC010883.3",1.39148966470017,0.238930474839638,-0.000245855539491719,0.406330037326425,153,0.000291954111517355,0.363231583837936,212,5.79604257822353e-05,0.796473884791249,365
"879","SMYD4",0.225609529376964,0.635085811443865,0.00014935000103921,0.516573461239095,153,2.84239354433919e-05,0.838132731274375,212,8.61444004819932e-05,0.49197894239467,365
"880","AFDN",0.58767985683253,0.443818720791228,0.000147887433615673,0.492220314112369,153,0.000374970013877531,0.0579976879389595,212,0.000278461551330863,0.0560825746741203,365
"881","ADCK5",0.0514518670433031,0.820684294611648,6.83893539284626e-05,0.598884302493517,153,0.000110796117790881,0.384764861023044,212,9.26820030569937e-05,0.312213359278852,365
"882","AMT",0.00448855132438855,0.946621457837355,-0.000277870285694491,0.0967052104852185,153,-0.000262979753287187,0.0707356691695797,212,-0.000265662397466062,0.0152391989666082,365
"883","EREG",0.479648093447273,0.489027017142463,-0.000669337860795223,0.458485049951614,153,-0.00144243625367051,0.0370131801355623,212,-0.00107924100587917,0.0508267598612363,365
"884","ZNF875",1.22158170571777,0.269786528408168,-0.000285805592247245,0.0559928683750272,153,-6.97468494602976e-05,0.580724538987907,212,-0.000159888678962413,0.0964812255846287,365
"885","TMEM184C",0.113058984351061,0.736883401631734,-0.000166805579608958,0.438149876560646,153,-6.66653253702543e-05,0.73736699606123,212,-0.00010978080042638,0.45235805652547,365
"886","TENT5C",1.68129469303279,0.19558070466046,-0.000487466435128882,0.133508628724135,153,0.000105429101069572,0.732586260076435,212,-0.000145696151962625,0.517332786369574,365
"887","AL121944.1",0.00581532114070321,0.939255882287171,1.2176830061276e-05,0.976109885523473,153,-2.6277384980392e-05,0.932743880676473,212,-1.40003587357332e-05,0.954836197884998,365
"888","PTRH2",0.00713909475524035,0.932711174019012,0.000173868965511192,0.368858420994154,153,0.0001491953041444,0.464197862717119,212,0.000154818367294228,0.280212330986274,365
"889","MIATNB",0.049582907298967,0.823916572627224,-7.56098693462497e-05,0.769692829152412,153,-0.000140179722765547,0.386073936699838,212,-0.000101734865966581,0.477139226432185,365
"890","SLC30A6",1.03136971786605,0.3105173292187,-0.000140628565097401,0.408988656365225,153,9.81884343496847e-05,0.531169889397731,212,-1.72871909855682e-06,0.988055056934688,365
"891","SLC25A25.AS1",0.704111528044902,0.40196090632222,-0.000106499383936457,0.576783202015783,153,0.000110340896620176,0.516894539619905,212,2.38987323122765e-05,0.850524774781499,365
"892","MOSMO",0.0557863241241784,0.813418189822255,0.000155392038460733,0.433451130898639,153,0.000101631795574056,0.435778862927481,212,0.000128351867634184,0.251179823800211,365
"893","TIFA",0.000263885950155377,0.987048255016365,0.000188327336071248,0.370994333081275,153,0.000192900562879924,0.295095021277487,212,0.000188985086551064,0.171449667561056,365
"894","KLRG1",0.577021253299868,0.447978020934643,0.000130237444385575,0.685611280347691,153,-0.000179717841068785,0.484023648953254,212,-4.65201990823584e-05,0.816395759394537,365
"895","PF4",0.0600625820133428,0.806536307958065,-0.00174423807069069,0.110948255034329,153,-0.00137767941750637,0.166160828034484,212,-0.00152821707293379,0.0376888595558226,365
"896","DUSP28",0.000880987434646231,0.976337522163456,2.99947979098673e-05,0.83880543383692,153,3.67519451356633e-05,0.818653368643797,212,3.33460379754856e-05,0.765079776990179,365
"897","LZTFL1",0.362396007723673,0.547556448855103,-7.22773152989385e-05,0.629103816899239,153,6.23147559092142e-05,0.688055860050842,212,5.75583959035472e-06,0.958139876224532,365
"898","GPATCH1",0.3185652992075,0.572821635374879,-0.000171163324893138,0.405054978136724,153,-2.7232448594673e-05,0.862862226572929,212,-8.35509985657899e-05,0.504305907456217,365
"899","GDPD5",0.008051186726009,0.928552803352779,0.00012161312830541,0.514994992109705,153,9.94442288878397e-05,0.535069214787402,212,0.000114821277719327,0.344519290795469,365
"900","AVEN",2.60858826216062,0.107159956188319,-7.03857779856474e-05,0.659018559521483,153,0.00031715398401645,0.0587002523250226,212,0.000152809069481365,0.197014972686492,365
"901","FUZ",0.0859802679444607,0.7695194863934,-8.18389542326494e-05,0.525558209684954,153,-2.8009908579556e-05,0.821916188306191,212,-5.05966837574851e-05,0.574041654104252,365
"902","TTC5",0.00838313457829939,0.927098847233461,6.60374446437578e-05,0.723492483711464,153,8.75328906291626e-05,0.550852878142681,212,7.51383074378693e-05,0.514271283663358,365
"903","COA7",9.81556677552006e-05,0.992100677032907,8.04733007782361e-05,0.630583181115826,153,7.76138961315811e-05,0.713718595236752,212,7.53186238019666e-05,0.594696523641385,365
"904","KNOP1",0.0292073922958659,0.864396804225753,6.60238421903751e-05,0.816148921167221,153,6.63854061285474e-06,0.975031199099415,212,2.70436537992034e-05,0.873901748486517,365
"905","AC025159.1",0.151199236686808,0.697621191546704,6.23236073421547e-05,0.726716653348881,153,-3.1934880715935e-05,0.841770480174234,212,1.33385637123298e-05,0.910891207855303,365
"906","ZNF444",0.00800674017226953,0.9287497596184,6.05013592398966e-05,0.705650096453305,153,7.91523061035832e-05,0.55378262942616,212,7.20123396994989e-05,0.48105010092706,365
"907","WDYHV1",2.03429016162139,0.15465016968332,-0.000120454122990363,0.521430962778223,153,0.000199575733257629,0.137355236298008,212,8.16956846211148e-05,0.464361009834278,365
"908","STAB1",0.0673475995369478,0.795386487808038,-0.00124905081227758,0.0642692427756216,153,-0.00146633033177924,0.00516940995545686,212,-0.00135802261048888,0.00104625049249295,365
"909","FLNB",0.120386889215017,0.728817428123192,-0.00026413751194892,0.129687591970142,153,-0.000178541776887009,0.285550598512463,212,-0.000216877351316517,0.0737561804382345,365
"910","DDIT3",0.198558712794287,0.656153840337723,-0.000887615020138741,0.146705133615466,153,-0.00126192403108859,0.0248072353987554,212,-0.00112284319304211,0.00673004044707172,365
"911","ZNF628",0.396282289927786,0.529413694942774,-4.78311394362947e-05,0.770605965657564,153,-0.000188519560633623,0.20262661399625,212,-0.0001291281856557,0.239310199551813,365
"912","HOXB2",2.58384562295109,0.108833322722732,0.000129983142271693,0.481359718845337,153,0.000521488008268638,0.00109606230785886,212,0.00035560165371137,0.00324146154770104,365
"913","GATA3",1.12029521845859,0.290562603923482,0.000249800639216241,0.275570224844516,153,-6.02287116228742e-05,0.745592502036709,212,5.90282992922937e-05,0.682165116876162,365
"914","MYLPF",0.0458134609648927,0.830636088633625,-0.000127385666637575,0.36076717214131,153,-0.000168338334600028,0.186255507260271,212,-0.000149161806556775,0.112572925775114,365
"915","MRPL20.AS1",0.698886160945198,0.403711202661714,8.57609830992578e-05,0.685864849046585,153,0.000330949359277902,0.0917132172528515,212,0.000227870458221005,0.114037969977518,365
"916","SLC7A1",0.12634432713062,0.722460488441767,-3.33048204355013e-05,0.834360366795747,153,5.20773807627906e-05,0.755774900361977,212,1.28180646844391e-05,0.91342779852195,365
"917","RIN2",0.167307344148479,0.68275858384688,0.000100218378126352,0.648709440049805,153,-2.04113632320616e-05,0.915745183183913,212,2.44272218221841e-05,0.865950517586121,365
"918","TRMT11",1.32465005318827,0.25052096755785,-0.00022922108251725,0.175447385371079,153,4.38233861043058e-05,0.783767434614015,212,-6.90187873675054e-05,0.553676078261502,365
"919","CC2D1B",1.63522292319399,0.201803602952033,-0.00035030625520365,0.0491211440748005,153,-1.5147831733716e-05,0.933366597763427,212,-0.000155805427464138,0.227068897895942,365
"920","TTI1",1.69768004217114,0.19342213602118,-1.52405400968034e-05,0.941878337174101,153,0.000325119776089694,0.0462253841754823,212,0.000187179930510031,0.145312949418188,365
"921","LMBR1",0.0801455328377865,0.777262553381145,-8.97410310207882e-05,0.627740306881654,153,-5.14913409585261e-06,0.980817020722062,212,-5.37655249966155e-05,0.715829490082433,365
"922","STAT4",0.000141072759820666,0.990529985459517,0.000108505419213769,0.70748799886608,153,0.000112785821300458,0.613908110997211,212,0.000115474894699992,0.513641911210006,365
"923","SNHG22",0.0830964547843636,0.773309670200555,-0.000249854777543423,0.196181332649532,153,-0.000178180982615127,0.261220127843483,212,-0.000208729922457728,0.0874616241587176,365
"924","LINC00342",7.66270811390469,0.00592806879546401,-0.000623851797327411,0.0080397306412068,153,0.000250462944306999,0.229866033961134,212,-0.00010730745960073,0.492913261480196,365
"925","RAB43",0.275352300539878,0.600085872819662,-0.00019940303553861,0.205677990350221,153,-0.000318008304585816,0.0398737511654298,212,-0.000271186804962446,0.0148315510625193,365
"926","MARK4",4.64198056367088,0.031860043826901,0.000260816720954209,0.0377549074082026,153,-0.00014331217625344,0.273155984496641,212,1.90742063161875e-05,0.836797018670099,365
"927","DDX20",0.582584424334106,0.445799592203653,-0.000244132655634013,0.223538462879764,153,-3.69345270110079e-05,0.836445160214519,212,-0.000124512937698546,0.350262608620534,365
"928","ASRGL1",0.572860675003843,0.449618079476748,7.31962462792798e-05,0.757376350726801,153,-0.000191284122116421,0.427776744526476,212,-8.77444390841157e-05,0.609002960643853,365
"929","ZBTB5",0.198693999175888,0.656044291894264,2.08696396683101e-05,0.905064447549516,153,0.000121327027870462,0.397854433254547,212,7.70029649971168e-05,0.486351075669009,365
"930","TBL2",2.13104398689278,0.145212067379071,0.000446707394915697,0.0245515689089095,153,-1.13928590149446e-05,0.959385678574009,212,0.000168500506342235,0.276030002168586,365
"931","AC139530.1",0.313287030339765,0.57601721974888,-0.000222715458163205,0.211825208332516,153,-7.58171155002199e-05,0.67543105082554,212,-0.00013281585756677,0.302642759945336,365
"932","RPUSD2",0.115885933048113,0.733738092088701,7.05472463116772e-05,0.622860741535506,153,4.37906133572526e-06,0.972714211290992,212,3.35770615158475e-05,0.724694564808108,365
"933","EMC9",0.076580935820898,0.782143808907095,2.38163009616555e-05,0.860922855485677,153,7.38775072484792e-05,0.530601927992048,212,5.44994378784172e-05,0.5389844637398,365
"934","PORCN",1.22357837729152,0.26939612655943,-0.000212370444797671,0.165130751004068,153,1.16275357933938e-05,0.929602782070317,212,-7.52511763352103e-05,0.450163997926574,365
"935","PTRH1",0.565129673523891,0.452690594748082,0.000222441828596613,0.263517506675185,153,4.28606252726571e-05,0.765318904418412,212,0.000115591142413363,0.324245262218154,365
"936","WDPCP",1.92415874655624,0.166254729813642,-0.000491811092814001,0.0141102976296999,153,-0.000132325715351211,0.427319073061948,212,-0.00027681563806032,0.0303258079756075,365
"937","TBC1D22B",1.12717717250206,0.289087991484409,-9.31250751001829e-05,0.522419517078065,153,0.000143384277934333,0.359381417818285,212,4.49732697046412e-05,0.681000033059246,365
"938","TPCN2",0.114396572033802,0.735389781572126,3.15846299509502e-05,0.888004065596094,153,-6.64511321461174e-05,0.719317015107311,212,-2.43329276087605e-05,0.864056816070779,365
"939","PVR",0.717383096212414,0.397564786461148,0.000185748196443186,0.431891960481509,153,-9.39245909575617e-05,0.671677477948669,212,9.02440239993854e-06,0.95576805822967,365
"940","TUBGCP5",1.84521007897087,0.175189770593956,-0.00030185651379662,0.167191427028673,153,8.21539580040101e-05,0.649714930126934,212,-8.09417131210387e-05,0.56091895892965,365
"941","ENTPD3.AS1",0.0351251776347808,0.851438890413244,-9.02235683170582e-05,0.549315426272937,153,-5.50694362010029e-05,0.635786590252746,212,-6.74935755759199e-05,0.463232010433395,365
"942","EXOG",8.02288563327458,0.0048781366538608,-0.000311179416022622,0.103762068659891,153,0.000422429980779328,0.0141501536023766,212,0.000123619873259679,0.335795692261641,365
"943","CCDC125",1.22930322781275,0.26828068324181,0.000268703455652031,0.270206428386356,153,-8.86770504748199e-05,0.67177107439149,212,5.20216848706693e-05,0.742631364428958,365
"944","LINC01128",0.595863467945398,0.440665683614128,-1.40783744938525e-05,0.948711598889656,153,-0.000231061284066633,0.196307326106387,212,-0.000137285055459488,0.320372209451401,365
"945","ANKRD52",4.00339983804821,0.0461569109954208,-0.000128135746019851,0.481074120026974,153,0.000324592359553722,0.0214069066711782,212,0.00013207294379521,0.23868724461883,365
"946","GOLGA8N",0.576948027870814,0.448006804972386,0.000220669682598144,0.408903725365828,153,-1.2300158597068e-05,0.94419029856966,212,8.4295667458871e-05,0.575401536585705,365
"947","GIPR",4.72979974170282,0.0302930214165653,-0.000169888339717455,0.557735561568497,153,0.000586952851278367,0.00536354981036785,212,0.000284689025167674,0.098380453154234,365
"948","ANKRD39",0.0160754446372415,0.899178009558721,-0.000141090327745358,0.384559226443747,153,-0.000111268499607451,0.489635271849622,212,-0.000124865072448067,0.279228734894426,365
"949","RPTOR",1.87322699980061,0.171957026300902,0.00018864952096637,0.181814499955467,153,-8.17651516515364e-05,0.538200456716269,212,3.100288604546e-05,0.749627830887697,365
"950","MATK",0.634338598359346,0.426291792700442,-7.78471789885721e-05,0.838763762137688,153,-0.000471382063815634,0.135585509554844,212,-0.000303810006853219,0.210891734725827,365
"951","APOL2",0.0245079638726932,0.875686868015989,0.000350258604313992,0.204927029631325,153,0.000293992823895147,0.20350495421793,212,0.000316542095478344,0.0729993846629987,365
"952","AC007952.4",0.23905083009214,0.625189399293013,-0.000402611528943863,0.396405378446557,153,-0.000730814187684298,0.108098476668031,212,-0.00060857815290481,0.0653827439358239,365
"953","SLC12A4",1.37020205038347,0.242549303930203,0.000192897984291234,0.324944203719005,153,-0.000133307257429638,0.480539780706002,212,-6.80250598949586e-06,0.960440160392474,365
"954","CATSPER1",0.826101564103572,0.364008614695047,-7.43675085727337e-05,0.643513138606706,153,-0.000267926654035971,0.053716878170118,212,-0.000186029875786145,0.0758726150567717,365
"955","PIGA",0.069965210104684,0.791538390403001,-0.000252322404298242,0.145365030262005,153,-0.000315851685248316,0.0503311951319136,212,-0.00029567805733692,0.0125847905557754,365
"956","SLC2A8",0.0113846717238681,0.915087062774172,-7.02160666205789e-06,0.965101902557997,153,-3.1025702894284e-05,0.837365528966999,212,-2.95028306147621e-05,0.790085167902086,365
"957","EIF3C",0.0492475206848896,0.824503340023733,-0.000239250869794481,0.29092777262112,153,-0.000171446658082836,0.393714789264053,212,-0.000205326857559315,0.171586253341009,365
"958","TRAPPC2B",0.88352302549067,0.347867070401185,8.62347385617135e-05,0.602961044358697,153,-0.000118790163736411,0.399696186515939,212,-3.6849502369065e-05,0.730738854711338,365
"959","HS6ST1",0.759131672842136,0.38417944855313,-4.78001845965673e-05,0.795500853148883,153,0.00015048929055174,0.282874775984764,212,7.83686079267886e-05,0.485388976900754,365
"960","PCSK5",5.17514273727329,0.0234981807463477,0.000267638691318137,0.120176350134129,153,-0.000303621806117575,0.0796280742049101,212,-6.73262175369158e-05,0.587315329663114,365
"961","THRA",0.774325244448633,0.379467718743352,-0.000325880685778226,0.0421015115884961,153,-0.000130153210535846,0.383253402360418,212,-0.000207825535595282,0.0575926522385793,365
"962","SKAP1",0.282794745663538,0.595202353605062,-5.97504859719128e-05,0.865175099844718,153,-0.000324288823395304,0.334665597447158,212,-0.000215538780861424,0.377143453156969,365
"963","CKS2",0.0516149360438471,0.820405222833066,-8.60994601691045e-05,0.687897765623786,153,-2.52656749758863e-05,0.879314887271395,212,-5.35445661447269e-05,0.68352825556264,365
"964","TOGARAM1",2.1631978288929,0.142221332143028,-0.000146663290345666,0.322476819281602,153,0.000155894919655719,0.257759863250851,212,3.17037562181013e-05,0.75392810269099,365
"965","RASGRP1",0.123877901185861,0.725071429790756,-0.000123556966618685,0.630679260717535,153,-0.000259821077756173,0.335938282064786,212,-0.000218635543915523,0.25221335171269,365
"966","MICA",0.88987982360441,0.346140759868715,-0.000128640240291886,0.502182703169167,153,-0.000366510459670091,0.0253536250224748,212,-0.000278418032610799,0.0256455187549543,365
"967","H1F0",1.61301790040949,0.204886094409348,-3.28351845865989e-05,0.923757876424817,153,0.000531867966740335,0.0623279538131501,212,0.00028336999129474,0.197682961117406,365
"968","ARHGEF9",0.80181483176862,0.371147983231025,0.000133982070856418,0.392566989386938,153,-6.74644261880673e-05,0.659722407292238,212,1.16179366834999e-05,0.916243736064965,365
"969","CDK3",0.6283145892101,0.428494817043447,-0.000399175489765652,0.0453016476415085,153,-0.000180706054417073,0.327629874672306,212,-0.000265415755432274,0.0504763920300647,365
"970","MAFF",0.71520188308195,0.398282490112593,9.14691199599569e-05,0.871210740916766,153,-0.000497774276281263,0.246353529935641,212,-0.000266946219578318,0.435394801738738,365
"971","TBX21",0.950679867087476,0.330199197369791,0.000646898566107329,0.0216993503234196,153,0.000302437121274845,0.173394440059617,212,0.00045504681023788,0.00928936751704463,365
"972","ATAD2",0.239186266034155,0.625091453433031,5.33705559402929e-05,0.765558861700415,153,-6.22711162887697e-05,0.684414896129239,212,-1.97257332995716e-05,0.865092622355239,365
"973","MCU",0.313042525142942,0.57616610417705,-0.000109482810083276,0.496720504089718,153,1.40165901552182e-05,0.923736233592109,212,-3.83265829032819e-05,0.723359117418357,365
"974","CENPW",0.172401880048873,0.678232609941282,-9.49614785975102e-05,0.54999972165823,153,-1.26769708237636e-05,0.917933535445912,212,-4.18974096433777e-05,0.666906114103301,365
"975","MIAT",0.88538962953289,0.347358946412403,0.000404863239076334,0.243731769457056,153,-3.73322265266593e-05,0.904030611701597,212,0.000144610256643284,0.530752749420651,365
"976","SENP1",1.74966147021665,0.186756599178036,-0.000290358222170109,0.11981153812597,153,2.94673410614472e-05,0.849154107237269,212,-0.000100682166028447,0.396949499041658,365
"977","AC005944.1",0.0135871772843106,0.907270347033935,-0.000303895368540949,0.221827720769676,153,-0.000263198829166093,0.263519502572335,212,-0.000294492537073919,0.0879638538839283,365
"978","POLD1",0.587480417352467,0.443895997044639,-8.03575061517237e-05,0.571055271351614,153,6.0408976696694e-05,0.606785982910202,212,3.7761773725515e-06,0.966568654829165,365
"979","BPHL",2.52011707858535,0.113277689044908,-0.000132686423412476,0.325363520439838,153,0.000141032533693023,0.197403957927536,212,3.23325772100298e-05,0.703377118407054,365
"980","FAM220A",0.155997098258101,0.693102215747047,-0.000111264134885453,0.511408831797416,153,-2.48801500769939e-05,0.858397167015734,212,-6.2789458879483e-05,0.558452431665458,365
"981","ZNF783",0.422326804653892,0.516191598687026,-6.21630706956775e-06,0.980409943598772,153,0.00023534588021711,0.358094819333362,212,0.00013450390561361,0.46084411538936,365
"982","CFL2",0.0830097574084458,0.773424711745786,7.99007682152056e-05,0.652230117064856,153,1.89907985112354e-05,0.880193412489364,212,4.73376993351285e-05,0.648201323290158,365
"983","ABCD1",0.364817926865708,0.54622194907548,0.000186571802973536,0.284966324019724,153,0.000326022461443379,0.0305545907082088,212,0.000270436273586225,0.0173609510114588,365
"984","TADA2A",0.0523229415531488,0.819198906321004,0.000162434164116532,0.432544822708672,153,0.000225215549902657,0.207563492992033,212,0.000201532684232279,0.134810670403555,365
"985","ARMH4",1.05052376476006,0.30607279390372,0.00033136658388983,0.0259304312429882,153,0.000128551041147461,0.32125588215076,212,0.000206556506123189,0.0343963272104499,365
"986","DNAH1",0.277140588867956,0.598904818497605,-0.000365680032719909,0.0532081816344881,153,-0.000227914162258796,0.194005348880104,212,-0.000277648931892172,0.031403998202588,365
"987","AL590764.1",0.00394602167380571,0.949946701830601,0.000191757011124031,0.267592403168658,153,0.000205567180058653,0.139330362256483,212,0.000197261846466853,0.067936434412877,365
"988","CPT1B",0.158920761278531,0.690387782444505,-0.000213218478156905,0.49797030579311,153,-5.74208514878395e-05,0.812304199773972,212,-0.000118512488674077,0.536381382112752,365
"989","NIPBL.DT",0.00985738163717425,0.920967614818326,0.000251387742949322,0.117587516571113,153,0.000273407323218397,0.0658952824361015,212,0.000267200480534588,0.0144278668911978,365
"990","RALGPS2",0.524551128830142,0.46937583480554,-6.52213177333063e-05,0.789831355281967,153,-0.000275700965734107,0.110999058251356,212,-0.000197672860459909,0.167249703540404,365
"991","ALG14",0.454332962062655,0.500715814230418,0.00013371932377119,0.468087738309989,153,-1.03304613313426e-05,0.933500845899976,212,5.37533289214393e-05,0.608929450067786,365
"992","TRMT61B",5.81912188936566,0.0163509031905716,-0.000382305732987462,0.0698290798682312,153,0.000189054295123031,0.155931277434884,212,-4.04284897015992e-05,0.730012250662907,365
"993","RASGEF1B",1.97507213162848,0.160770499473839,-0.000532020369253942,0.247578739932744,153,0.000296609737188174,0.428482848529721,212,-4.25424448937066e-05,0.883286408716368,365
"994","TMEM60",1.21681172578427e-07,0.999721867981166,0.000358438060016488,0.180291593071067,153,0.000358324982682915,0.0695172348514815,212,0.000361947889404559,0.0232724533833557,365
"995","DUSP7",0.103887793997346,0.747399666458149,0.000267802504301033,0.234724486158533,153,0.000356665142820544,0.0353343774101744,212,0.00031706531733009,0.0194948508897152,365
"996","COQ6",0.819022723158223,0.366069627801413,-0.000351831371982802,0.0808507764305894,153,-9.80402840091498e-05,0.602448245545219,212,-0.000200028874462787,0.146689540279136,365
"997","AC040970.1",5.01744467463547,0.0257012295373795,-0.000374654046698303,0.0621478635472921,153,0.000159605616699085,0.2628219034525,212,-5.36188467984347e-05,0.649315912808528,365
"998","TLR7",1.43558460942283,0.231641204685704,-3.02369891438705e-05,0.939779409237192,153,0.000572442397693547,0.0694080040807668,212,0.000327910921968383,0.184925085102529,365
"999","CRTC1",1.03453592666332,0.309776861948535,-0.000330635773602674,0.0412411892081882,153,-8.37253795692884e-05,0.620866906408103,212,-0.000188516970204947,0.11459825983931,365
"1000","CCNJ",0.392707603854926,0.531275670937167,-1.70172947889484e-05,0.925077450956433,153,0.000144183599180498,0.40808552902745,212,8.06587882019869e-05,0.522814074764103,365
"1001","HLA.DQB1.AS1",0.0386953002157854,0.844164233160827,-0.000119392492379127,0.778782655503958,153,-0.000231789597941953,0.536055814847472,212,-0.000191437562028774,0.494562637497961,365
"1002","C1orf56",0.425426291389067,0.514656854757483,0.000135061244642836,0.445576973675002,153,0.000291259172380428,0.0656948764698682,212,0.000218924943507861,0.0641855536082981,365
"1003","IFT43",3.13305023163835,0.0775640876827881,2.18370938765368e-05,0.910031198647548,153,0.00043730457563153,0.00237261692886872,212,0.00027139323534931,0.0194000399784292,365
"1004","AC253572.2",0.0709526834893015,0.790106767695406,-0.000478295231152421,0.600160846489607,153,-0.000785607134413164,0.278541646334577,212,-0.000684423050634245,0.22742679022261,365
"1005","KIF16B",1.69265357276158,0.194081325066164,0.000191286343689628,0.35263292836832,153,0.000545556399353358,0.00226922219020879,212,0.000391713716735958,0.0037438961638485,365
"1006","SLC4A3",2.02142699384006,0.15595667847912,-0.000231722089955825,0.423932732364853,153,0.000244519981059667,0.206960915978069,212,6.42643585362341e-05,0.698232153155225,365
"1007","ZBTB37",0.553728230386553,0.457282409191499,0.000238709822727245,0.347435519720441,153,0.000476084793769184,0.0176186926131392,212,0.000378500930358303,0.0159857315588199,365
"1008","MRPL50",0.014988105278604,0.902629837679289,0.00029459413618459,0.191231280075696,153,0.000261257194248331,0.113760221654195,212,0.00027915436018567,0.0372195959752351,365
"1009","LIN37",0.223883288931907,0.636382817863949,-0.000119202946472219,0.417237109422186,153,-2.18792266614903e-05,0.874175787521254,212,-6.54520198403145e-05,0.516984810286764,365
"1010","PEX5",0.234735033358494,0.628328702889495,1.17812574267369e-05,0.935529632008497,153,-8.43552810699343e-05,0.520155683492304,212,-4.55275602893366e-05,0.639866041536985,365
"1011","ARHGAP12",0.765457591511032,0.382207664403091,-0.000153229280347918,0.415010811981616,153,7.57762600419935e-05,0.665604328137539,212,-2.65917814017525e-05,0.836655675716495,365
"1012","GPR137",2.07007503353243,0.151080554033896,-0.000105870115633405,0.552052014161569,153,0.000227109903460773,0.126725851292623,212,8.93871906811883e-05,0.432301793655444,365
"1013","NUDT15",0.983325172103662,0.322043437246173,-5.84115854290316e-05,0.762328869044173,153,-0.000297166768134445,0.0476331314540251,212,-0.000197646672251929,0.0951399600210637,365
"1014","TMEM115",1.39519152917501,0.23830790618903,7.28938218400418e-07,0.996426332714902,153,0.000265412234883074,0.0759638487293729,212,0.000156896033596258,0.154521028956467,365
"1015","TOR4A",0.14700609489969,0.701638709434526,3.83595791773248e-06,0.977705620798562,153,8.5466359866577e-05,0.569445866457507,212,5.24837871414473e-05,0.615140086033882,365
"1016","ENTPD1.AS1",2.73348795692999,0.0991337716532674,-0.000137863633093875,0.345704253574976,153,0.000196314926239243,0.146423684005284,212,5.38058224984416e-05,0.589760440253714,365
"1017","CRELD1",0.0940869379372897,0.759221216613288,-0.000272791870426729,0.197182331708822,153,-0.000183432225928238,0.345042572213291,212,-0.000223806444269885,0.117933671659397,365
"1018","TARSL2",0.0975662987052271,0.754950296709253,-0.000194079464385755,0.239238909480684,153,-0.000123459891269337,0.411330914091405,212,-0.000153893429948655,0.165604193986374,365
"1019","SLFN12",0.844701070557093,0.358669395404703,0.000117469906573738,0.55979538741321,153,0.00037049330006821,0.0431383580000778,212,0.000266324353954177,0.0492897344230147,365
"1020","NPIPB15",0.322931780015794,0.570204356049005,-0.000463062293172815,0.0826617037587871,153,-0.000281606807601858,0.143113847047844,212,-0.000350985595605213,0.0256087310002839,365
"1021","RBM48",0.00735577134770214,0.931700145779252,0.00019016102957985,0.40301850815563,153,0.000166988002140994,0.299036574088493,212,0.000181709013746066,0.171189906168758,365
"1022","RGS3",1.30797546438099,0.253519343418513,0.000256766102183736,0.349810218429551,153,-0.000134427165812535,0.526667384922055,212,3.87000206218825e-05,0.81878178173906,365
"1023","MICALL1",1.65121172763184,0.1996179309076,0.000220525007359824,0.101238560364819,153,0.000459793243751933,0.000277836146700215,212,0.000359260217636255,0.000102999952096364,365
"1024","CHST14",0.469518854698687,0.493648340168731,-0.000108298520838774,0.575189942182088,153,7.81584451699298e-05,0.669930458940349,212,-6.94891937350686e-06,0.958641855150466,365
"1025","MSH2",0.0572656357512543,0.811006912911179,-6.63374854240226e-05,0.714059032464777,153,-0.000123121665630202,0.421019763167227,212,-0.000105270294411326,0.366612992200244,365
"1026","AVPI1",0.0266705895215646,0.870364701024298,-0.000216497175275328,0.372361841200431,153,-0.000162442978397749,0.458542784646604,212,-0.000188196275137984,0.246699469773463,365
"1027","DHX35",0.292971977192707,0.58865614084514,0.000217326398200298,0.144146542254638,153,0.000104257652546995,0.459098213270218,212,0.000152212348865531,0.13797799527316,365
"1028","E2F5",6.26892460744846,0.0127280212751584,0.000243145503083488,0.256655817411617,153,-0.000462410491001028,0.0117733421656786,212,-0.00017263027862146,0.215832465804754,365
"1029","YARS2",0.294991946571447,0.587374381827043,0.000106443659477569,0.558367346878914,153,0.000225906326266048,0.0902465678285196,212,0.000176217077443934,0.10293375535502,365
"1030","MAP1LC3B2",2.78402092285123,0.0960758925096858,0.000407165615629417,0.0466461111055694,153,-4.68993622109098e-05,0.791979321722624,212,0.000139631555270502,0.297417962621637,365
"1031","MORC2",0.0148787030530719,0.902984083820519,5.24936873241817e-05,0.780541409728649,153,1.92523122418301e-05,0.917641342645035,212,2.55698732426614e-05,0.848589900337348,365
"1032","C5orf22",2.87214173113553,0.0909872361890527,0.000109995141162579,0.551263100870259,153,-0.000344473887193059,0.0617753019795043,212,-0.000166224809859328,0.2095475766646,365
"1033","ZNF496",0.0190727156057677,0.890235222105318,-4.62277142911792e-05,0.77837410118543,153,-7.47310499622511e-05,0.562059187402343,212,-5.78394138390024e-05,0.568513023468452,365
"1034","PDZD11",2.93045031987007,0.0877820838506439,0.000496602202250176,0.0107181319288413,153,7.53349459618443e-05,0.628559060603328,212,0.000247303670949716,0.0417298642576149,365
"1035","LMF1",1.92848186488387,0.165780811250609,-0.000429530011283775,0.0256436876896558,153,-9.13200228485061e-05,0.55297165477912,212,-0.000220152488803394,0.0679525824139112,365
"1036","PPP1R3E",0.00118893715347296,0.972512675869776,-0.000197290439348523,0.195758956287547,153,-0.00019056816600177,0.124194995691929,212,-0.000192928216840434,0.0440790417255794,365
"1037","SNTB1",1.18584793093519,0.276895100413486,-0.000195921905633514,0.464260498636289,153,-0.00056399090973174,0.00831423965436545,212,-0.000419461694995064,0.0119346726271673,365
"1038","QSOX2",0.724179003287309,0.395340635015704,-6.56764008367009e-05,0.705104695770939,153,-0.000283670932672629,0.109646907465997,212,-0.000193446884410144,0.124408489793112,365
"1039","NAA80",0.358717209708564,0.549595174398367,3.38420131987122e-06,0.982910622621847,153,0.000120406143489633,0.317693957751347,212,7.70952776919506e-05,0.422141881637061,365
"1040","FDX2",2.05662360595866,0.152411256214092,0.000458924606294223,0.00679968152768795,153,0.000152091793682587,0.261604923489688,212,0.000275651391557457,0.00910300824418351,365
"1041","ZNF600",0.410812606566825,0.521964016809846,-0.00044335359662334,0.159730425059305,153,-0.000218295332637928,0.262100830501637,212,-0.000292881485257855,0.0925119078426612,365
"1042","GRIP1",0.00647721121565229,0.935899206643505,-0.000118968580593839,0.782441979953775,153,-7.31974120463874e-05,0.84243765608288,212,-6.53231306464072e-05,0.816190740835115,365
"1043","AL158152.1",0.781154691648406,0.377376450674508,-7.69014798627546e-05,0.762341304759131,153,-0.000368941521856952,0.0823303393044333,212,-0.000242676006079757,0.135695751962345,365
"1044","LRRC27",2.57882214441432,0.109176572161503,7.2618442621909e-05,0.702939411527722,153,0.000456780903043765,0.00248190246011932,212,0.000306312292520199,0.00975868357974387,365
"1045","TTN.AS1",0.115183292963834,0.734515829916138,1.93599995831944e-05,0.898776534738464,153,9.42382074532707e-05,0.532466618434048,212,5.91417693063625e-05,0.585165468897779,365
"1046","GIMAP6",0.224824596113848,0.63567481259687,0.000387278315729775,0.235972797462093,153,0.000185516802388742,0.497541209146933,212,0.000264923705710738,0.204727045093684,365
"1047","CD8A",2.10780698110265,0.147417703989089,0.000178462577604554,0.772224100498997,153,-0.00101733465203486,0.0594936117938825,212,-0.000533112792378737,0.188501463906774,365
"1048","ZNF669",0.180195664013791,0.671458012538346,-7.66567669266604e-05,0.574847855457851,153,6.13133910534338e-06,0.963047731858185,212,-2.63739667934203e-05,0.782720405575534,365
"1049","SCYL3",2.45247744587663,0.11821566504923,0.000193564520355928,0.300344086331323,153,-0.000218207452524536,0.218945268478396,212,-5.14893505919127e-05,0.690566974444642,365
"1050","FAM13A",0.13646610818468,0.712036355627513,-0.000323875364367911,0.154279988034876,153,-0.000216421613885588,0.241842809645237,212,-0.000258999857487664,0.0699776429863208,365
"1051","MS4A4A",0.0227479832362592,0.880198521224125,0.000190214394418621,0.461028947236477,153,0.000240602723674414,0.260498449276804,212,0.00021151281413568,0.198072537379618,365
"1052","ZNF714",4.0948024455584,0.0437515923028352,-0.000484699918762697,0.04013470868333,153,0.000168766098701302,0.432251701930703,212,-0.000101977369673704,0.52208192484205,365
"1053","PGAP3",0.185535611005941,0.66691562026084,0.000228350245929138,0.153555165535618,153,0.000138738063523438,0.299649868736449,212,0.000174534429945567,0.0877018473089279,365
"1054","ABCC4",0.393633015519338,0.530792513955055,0.000296751767324152,0.065062442207651,153,0.000157794525842001,0.286214032016392,212,0.000215121437813931,0.0482454924688784,365
"1055","TXNDC16",0.268017457213929,0.604981885741068,-0.000113573378463684,0.50609589565119,153,2.16534647540497e-05,0.905920286239532,212,-3.66793089609055e-05,0.774707131444772,365
"1056","ZNF268",0.00171786468415686,0.966962353149429,-4.4721431225864e-05,0.776752689580714,153,-3.55146156409975e-05,0.812407985234035,212,-4.06820769237111e-05,0.708731898855728,365
"1057","ZNF512",1.05754571084876,0.304464148780895,0.000348195553002693,0.142235923033213,153,4.3416846021947e-05,0.814112290574638,212,0.000164882423732846,0.257647616692298,365
"1058","MAF",0.455857263812141,0.49999868835178,0.000611029813686867,0.0137699218145601,153,0.0003782957438998,0.103706302616556,212,0.000469954644091271,0.00570641243301423,365
"1059","MAP7",0.664811607959414,0.415403997117733,-1.33783347493086e-05,0.939270452739892,153,0.000183995579420813,0.254068904249505,212,9.81523240646659e-05,0.409557799973762,365
"1060","PER2",0.459449655545307,0.498315489546125,-0.000104858702493157,0.529394864011298,153,-0.000263003326988933,0.0942659873942309,212,-0.000192880969898416,0.093187367271935,365
"1061","CCR5",1.74217694477096,0.187699588833762,0.00147796572025891,0.000476778173053395,153,0.00228296177279583,1.47680277581757e-07,212,0.00190827533911564,1.20107303480945e-09,365
"1062","ZNF469",1.74145992429325,0.187790218985794,2.91478016524684e-05,0.90028681393247,153,-0.00039121095029903,0.0649594792012085,212,-0.00021460393069558,0.171237774111338,365
"1063","VILL",0.0518140152482293,0.820065151993288,9.88246965487268e-05,0.585518197889102,153,4.29570149939705e-05,0.790421205863292,212,6.53547698704256e-05,0.587047189703468,365
"1064","TAGLN",0.062968381850187,0.802007117512838,0.000193768660392323,0.391519130077598,153,0.000119275184600109,0.533837975579395,212,0.00014447800241141,0.321664467893604,365
"1065","TRMT61A",1.29193559991053,0.256445486181102,0.000101508106373895,0.520655946568405,153,-0.000158734586647813,0.311345001346173,212,-5.99133585024211e-05,0.595600714286728,365
"1066","XRCC4",0.000290185640765416,0.98641823533526,0.000122457929036446,0.562648929844993,153,0.000127410822670246,0.509800534097818,212,0.000120699402929376,0.397706597963961,365
"1067","KCTD15",0.21838368416506,0.640556184161725,-4.53558785897847e-05,0.827189728542984,153,8.78874587571889e-05,0.642409452696154,212,3.28518476328901e-05,0.814216827608753,365
"1068","GLCCI1",0.010255110995454,0.919394317951041,-2.38978411661181e-05,0.894211562295441,153,-4.9395016010057e-05,0.770232011452324,212,-5.16268933373603e-05,0.678573453115207,365
"1069","SENP3",0.00694307798866024,0.933639199902212,5.08659805406086e-05,0.758302954473048,153,6.95106925169202e-05,0.637008386163525,212,6.33041875832423e-05,0.563949562356715,365
"1070","SLC9A1",0.160286261370831,0.689129914229247,6.15235754893756e-05,0.701100271842031,153,0.00014542484112885,0.281338844140095,212,0.000109345818119883,0.287702035613195,365
"1071","SMIM13",0.246508930194763,0.619846228437601,-7.84354005012631e-05,0.768110165746977,153,-0.000253233323823758,0.268131372384456,212,-0.000182429832525006,0.29096259903141,365
"1072","TP53I11",0.0806558772040859,0.77657336479272,0.000391479466205493,0.0574494269485184,153,0.000462145762336752,0.00244990951606435,212,0.000438471662495041,0.00037404560941632,365
"1073","KMO",0.0296850745092751,0.863303287254952,0.000253338894129935,0.122778994420167,153,0.000292827640230946,0.0582654363269764,212,0.000274669088978737,0.0149230930258651,365
"1074","MIER3",0.078008804967229,0.780174117452485,-0.000132537442730565,0.428174153630311,153,-6.93466381375402e-05,0.641519766793238,212,-9.47079151491981e-05,0.393372247310988,365
"1075","NEK6",0.0412058472059396,0.839255464994797,3.65752727405035e-05,0.873707853769402,153,9.71830011038508e-05,0.610979322018978,212,7.4044310532305e-05,0.613000838439273,365
"1076","ATP6V1E2",0.093444752990467,0.760018904552634,-1.18386595661137e-05,0.929940223497115,153,5.42369396400237e-05,0.725690412988093,212,1.88731432790334e-05,0.859411491797743,365
"1077","HECTD3",0.0635175838932941,0.801163653664361,0.000206400557654964,0.265032271148858,153,0.000147578314176518,0.313627561783398,212,0.000173237038457423,0.130647439033403,365
"1078","CEP41",1.12245721378257,0.290098314614763,0.000108336462041302,0.518485434965725,153,-0.000128771831596589,0.378102216668387,212,-4.01174733183673e-05,0.716363378321422,365
"1079","LLGL2",0.687628788440304,0.407520051036736,-0.000198424240616359,0.469456556284291,153,5.75001468707488e-05,0.739017942223527,212,-3.336671344526e-05,0.826827230896081,365
"1080","ALAS1",2.40715565945467,0.121657850848532,5.96962110672611e-05,0.810411904340963,153,0.000520721045455781,0.00364394724720526,212,0.000330098942748008,0.0244136466658214,365
"1081","RPRD1B",0.0117839291608072,0.913616711038376,-1.53898593894231e-05,0.926642179651978,153,-3.96739948547593e-05,0.78606465415068,212,-2.79961683857646e-05,0.798526320423312,365
"1082","GALE",1.91260109170894,0.167529390512489,1.45767541544471e-05,0.92244072204245,153,0.000302877063018381,0.0308664606737669,212,0.000182471964867893,0.0757033658976071,365
"1083","CPOX",0.0573158823262781,0.810925592513582,8.2499933509509e-05,0.634994843481765,153,2.55099120683129e-05,0.871601531418122,212,4.96575085373242e-05,0.670477030936785,365
"1084","GTDC1",0.0109998522739965,0.916529133271203,-0.000141160584673623,0.413499396338264,153,-0.000165943568375117,0.290192991519658,212,-0.000156356407501883,0.177572636117682,365
"1085","MAPKBP1",0.31989772257619,0.572020478766231,-0.00010958463871458,0.521537768879158,153,3.69150739409283e-05,0.838343463766204,212,-2.10506819693983e-05,0.868390659017422,365
"1086","ZNF587",0.686780349951153,0.407809246176367,-0.000104714389574358,0.607454246463254,153,0.000117443323013593,0.497856713814991,212,3.07970037301587e-05,0.815019824054429,365
"1087","YPEL1",0.0136076589632716,0.907200798832627,-2.9408609149084e-05,0.886090135730782,153,-5.95501351794661e-05,0.712388965664791,212,-4.47559680062239e-05,0.723913362362694,365
"1088","FBXL6",1.3190197337606,0.251528483925914,0.000431239693875814,0.0371071771212476,153,0.000143376528114176,0.348006830274684,212,0.000264573783574483,0.0322566805820273,365
"1089","SLAMF8",3.61663969854381,0.0580001380355506,6.00014290516226e-05,0.830437248915903,153,0.000744700927097183,0.00129784269651696,212,0.000460630302422668,0.00976938855867717,365
"1090","TMEM229B",0.452464461880244,0.50159726399977,0.00031522712156039,0.0670435140977813,153,0.000138427177766154,0.453694218475003,212,0.000198845509264761,0.126352223077087,365
"1091","MAL",0.888755920462668,0.346445128573258,-0.000344942736392082,0.350460574760057,153,-0.000851273801701676,0.021562790606007,212,-0.000676096093955274,0.0116808933391065,365
"1092","HMGB3",1.40808737100932,0.236154482170718,-2.05174686577297e-05,0.910577495531549,153,0.000273071077325545,0.09471927906192,212,0.000145810235116394,0.232109663148276,365
"1093","FAM210A",0.327978724871234,0.56720822528522,-7.49222762724962e-05,0.660244352231655,153,5.50680746811081e-05,0.709590050430212,212,7.3608175899097e-06,0.947381646156377,365
"1094","CYSLTR2",0.0754473256199344,0.783721706539334,0.000232079764639402,0.340742212701203,153,0.000153857847409551,0.356015969835224,212,0.000191150950043248,0.172013388664721,365
"1095","AUTS2",0.41398134366739,0.520364122943343,2.20080385534895e-05,0.915817042633863,153,-0.000143662801827692,0.365559647794301,212,-6.87732177282879e-05,0.587186141829611,365
"1096","RAB3IP",0.446479649406016,0.504438456737926,-2.89994961440829e-05,0.871816970679663,153,0.000126314229289452,0.394868471379932,212,6.47126088990684e-05,0.570437453607643,365
"1097","IGKC",0.178764897095985,0.672688561526059,-0.00634084144433997,0.0554684079162937,153,-0.00447609463465868,0.121740644995184,212,-0.00530971019339072,0.0145613527499462,365
"1098","ICK",1.44637491707793,0.229898718950642,-0.00027531473604568,0.183902100158865,153,7.26466913714777e-05,0.708510186565107,212,-7.13442811911399e-05,0.615722674867652,365
"1099","ZNF124",1.0504947041319,0.306079474257634,-0.000434881870966022,0.075455403062633,153,-0.000109218948877346,0.592787840169816,212,-0.000248281490139744,0.112510435647884,365
"1100","MX1",1.40722280074889,0.236298111255722,-0.000954876052311632,0.336631368289506,153,0.000732216593888458,0.449237338973308,212,-5.82529458593197e-05,0.934748809791447,365
"1101","STRADB",0.510430926540741,0.475414083275903,0.000191827617540866,0.350834933924449,153,-8.0435365297495e-06,0.965293230309889,212,7.13318485499993e-05,0.603325529376767,365
"1102","NLRC4",0.918285257913446,0.338566937777713,0.000408608167831645,0.173132420795631,153,2.44137622592677e-05,0.92582759115908,212,0.000175940167467066,0.371801566304277,365
"1103","CEP152",0.0343577658323695,0.853051970414256,9.28141941069573e-05,0.660822593325894,153,3.74078804867222e-05,0.852906339939374,212,5.69544929168804e-05,0.697624789177847,365
"1104","MED31",0.775133229011468,0.379219450109797,0.000210184943753153,0.266325264346833,153,-7.76676155334237e-07,0.995891115117978,212,8.27119124689675e-05,0.482092481519661,365
"1105","SFXN5",0.0136066202310306,0.907204324705245,-6.64435763505244e-05,0.702329056809352,153,-3.19377843008491e-05,0.882382452109159,212,-5.6498638249221e-05,0.698149898073292,365
"1106","PTTG1",0.614443673315146,0.433633577113189,9.20946478140208e-05,0.653289641007491,153,0.000315866364527432,0.0994443797479917,212,0.000223976923791181,0.110367458696906,365
"1107","ATP10A",0.456985529999353,0.499469005905861,4.01185223579398e-05,0.847359796784099,153,-0.000151038799780149,0.41804249117057,212,-8.97877911074615e-05,0.522903862218155,365
"1108","CKS1B",0.0406114410877595,0.840403303210602,7.71437945336815e-05,0.684989411523026,153,0.000125884858525717,0.409343003969926,212,0.000106716907316947,0.368321210415142,365
"1109","VNN2",0.766761016733069,0.381803174635373,0.0001379576728363,0.646799124475315,153,-0.000230399756763615,0.414538841579865,212,-7.60817023265542e-05,0.712535941309649,365
"1110","LINC00528",0.766687154410177,0.381826079964944,0.000273409474309586,0.189239137759429,153,1.30957834770266e-05,0.948314307967441,212,0.000113417831607855,0.437731959638053,365
"1111","FCSK",0.0119617430797673,0.912969992007508,-0.000142645985777155,0.549424346958025,153,-0.000109712242160543,0.561543411845497,212,-0.000119025225630737,0.420528561290799,365
"1112","NUDT14",4.25069374479304,0.0399496954030854,3.14526645211261e-05,0.889398006426659,153,0.000616104099072249,0.000586786219751366,212,0.000371423607998776,0.00829787032291668,365
"1113","PDE8A",0.0327016636847634,0.856597773846296,-0.000345555411840363,0.0960961589980826,153,-0.000293815323913211,0.124720857712892,212,-0.000319796624724903,0.0232214163042198,365
"1114","ARHGAP32",2.59929448934565,0.107785153041564,-7.80151843618107e-05,0.717213094298026,153,0.000327193855250852,0.0263720909834013,212,0.000165871777666504,0.18068565518602,365
"1115","MBOAT2",2.192726211032,0.139535924577906,-0.000228620893224053,0.366236087278258,153,0.000205495478420159,0.226900261090924,212,3.47460495269989e-05,0.809846174834346,365
"1116","LTC4S",0.162325306751339,0.687263116079113,-6.68756938239782e-05,0.739835184282603,153,-0.000171502432817951,0.300352161270689,212,-0.000123234349400816,0.33418591903924,365
"1117","MIR497HG",0.139763913230506,0.70873529327782,-3.44232761492365e-05,0.885524077966954,153,-0.00015282301259316,0.457403581158845,212,-0.000105001653212968,0.498990787385657,365
"1118","PPP1R14A",0.526172017898925,0.468690630684034,0.000182834031625623,0.578892610362533,153,0.000484218635185587,0.0638665691029007,212,0.000361213676124261,0.076958314543362,365
"1119","SEMA7A",8.36102571233194,0.00406566354491252,-0.000573946962756164,0.00876391915859045,153,0.000166440324821209,0.272066175714472,212,-0.000121003275801271,0.346691420957304,365
"1120","TNRC6C",0.0293960226633624,0.86396389695787,-0.000107395086641692,0.590288592004478,153,-0.000162710551192614,0.482183471503599,212,-0.00015681736729393,0.32647779909079,365
"1121","NCDN",2.25215923653596,0.134302195164859,-0.000401630049356886,0.0255303655637326,153,-6.88243545503766e-05,0.616125453884472,212,-0.000206798882000724,0.058575682595838,365
"1122","ERLIN1",0.528560175088509,0.467684007335114,-6.13684698337813e-05,0.70994983926201,153,-0.000229246349211953,0.140183942896502,212,-0.00016747720948889,0.141092975303743,365
"1123","SPHK2",0.0281028811513708,0.8669610482587,0.000130173172516563,0.543721483008777,153,0.000174196548657644,0.278502352793632,212,0.000156126409528798,0.22563133036011,365
"1124","PTCD1",0.00451088366637438,0.946489032378224,-0.000205955404115072,0.419974318852123,153,-0.000185699734495031,0.297841626004333,212,-0.000191901839079307,0.19481555341886,365
"1125","TOM1L2",0.687015707890515,0.407728992865934,-0.00016917966617813,0.28649272235374,153,1.12106943793748e-05,0.938167119448813,212,-6.52187984278207e-05,0.541667760721989,365
"1126","GCNT1",0.0353962227456433,0.850873525773328,0.000404980518173911,0.0683137992461471,153,0.000350778861032939,0.0589323131787603,212,0.000364428773232877,0.0104440575662699,365
"1127","CD79A",2.56005111858668,0.110469790886079,-0.000507201773133509,0.0911444086355773,153,0.000100368467321499,0.674782054927128,212,-0.000157965855203698,0.399188502536752,365
"1128","POLR1B",0.112786615402221,0.737188746914494,-3.34048768993615e-05,0.855014628443753,153,3.87714633220605e-05,0.758737210068193,212,1.35152901876517e-05,0.898071225676971,365
"1129","GZMM",1.16938876063436,0.280248716407665,6.52204264805126e-05,0.8198058781005,153,-0.000328209180972623,0.153036279116424,212,-0.000158080896415759,0.377579093788903,365
"1130","FANCA",0.109567903416006,0.740828657617385,-0.00011553313949461,0.531025390995721,153,-3.30226475635764e-05,0.840379285570265,212,-6.88969788077071e-05,0.573064479846919,365
"1131","SLC37A2",0.251577287639229,0.616272382533919,0.000290922828063601,0.0633836973221984,153,0.00042783295779717,0.0342296046880293,212,0.000360469919471691,0.00774881849758667,365
"1132","FAM71D",0.0192551940007701,0.889714739018535,-0.00022723947756154,0.307808810267275,153,-0.000184859217085514,0.362356126608335,212,-0.000198313565810316,0.186048496537338,365
"1133","RCL1",1.20577174561498,0.272902981016354,4.13444738732672e-05,0.723625928469121,153,-0.000146904583111171,0.213698691860082,212,-7.52715611195707e-05,0.373077360701875,365
"1134","XPNPEP3",1.05826961447206,0.304298935488749,0.000302962266924168,0.151132449583698,153,4.82524969649132e-05,0.740404274460548,212,0.000151192631252806,0.214012468877693,365
"1135","IER3",10.8344101822898,0.00109461373752388,0.0078390298647968,3.9880498687715e-05,153,-8.87374050358747e-05,0.954091544302198,212,0.00312031906039014,0.00956848120598727,365
"1136","NET1",1.28344060317104,0.258012147134849,-0.000102847702032615,0.83067839244798,153,0.000581477544355469,0.123961597169103,212,0.000301449044119793,0.309802871009439,365
"1137","EIF4E3",0.168437345262711,0.681747810471471,0.000124240857015938,0.71103933429405,153,-5.24542088234561e-05,0.847800963983297,212,2.26751073957842e-05,0.914464226389336,365
"1138","PRF1",2.78518512089351,0.0960066716036914,0.00453666377011905,0.00377598648520772,153,0.00133372808575335,0.261883077391568,212,0.00271485465214932,0.00445848502707775,365
"1139","MINDY1",0.758872576951307,0.384260516667201,-0.000210446274013723,0.340909536038239,153,8.10501748467415e-05,0.728858432437073,212,-5.26778572292969e-05,0.750064600887008,365
"1140","PAPOLG",0.162427801826635,0.687169639823158,-3.51909416886137e-06,0.985895739815386,153,0.000106879715482279,0.557366922588322,212,6.38455346931663e-05,0.634610467038946,365
"1141","CCDC58",0.0153972103595263,0.90131664294406,-0.000181424104659847,0.399958341234813,153,-0.000147232318571683,0.399184637273503,212,-0.000156780984841495,0.246605945610109,365
"1142","EXD3",0.139093431522033,0.70940281589179,5.10281205231734e-05,0.762520117660303,153,-2.89463017434782e-05,0.830214504993241,212,8.51205283959549e-06,0.935584638591201,365
"1143","ETAA1",2.85162864346524e-05,0.995742215091373,-0.000168124388304752,0.392856931462333,153,-0.000169442352685215,0.271873527024849,212,-0.000167404473865265,0.167020822521654,365
"1144","SLC25A22",0.198730556570928,0.65601469713902,0.000157628856890335,0.283584067832231,153,5.02291177747653e-05,0.772465315646967,212,9.16223698641858e-05,0.438297975657888,365
"1145","LIG1",0.0131768739347645,0.908674946346205,-0.000240222637652193,0.183187356440127,153,-0.000208752679380624,0.277391552270248,212,-0.000228399581588776,0.0905522967213824,365
"1146","AL133342.1",0.278879249421212,0.597761198896702,0.000325306932243766,0.0230328033833621,153,0.000209940710593702,0.172697206181307,212,0.000251930857310136,0.0193730617512668,365
"1147","PANK4",0.134841059806164,0.713679702536175,-0.000346726430938922,0.110280636646522,153,-0.000246679177436774,0.148876783669093,212,-0.000283944524260545,0.0341807510743127,365
"1148","TANGO6",0.11399465352352,0.735837557525968,-0.000103310190125064,0.498102326143268,153,-2.97084876169327e-05,0.840999510302946,212,-6.24185735567061e-05,0.559468946340429,365
"1149","GPR89B",0.168134737149458,0.682018100696832,-7.04382277327481e-05,0.655134003682795,153,1.34912569145367e-05,0.917965683218169,212,-2.22443585012412e-05,0.824607047577093,365
"1150","SMARCAD1",0.0457659190386746,0.830722651619732,-6.47151654770995e-05,0.792583010450467,153,1.16804702576723e-05,0.961875793302622,212,-2.1860661522535e-05,0.90062973840959,365
"1151","KLHL7",3.02882582677127,0.0826493047789852,-0.000218073303237076,0.188914449382291,153,0.00015115758308305,0.261796479528549,212,-1.37742413678613e-07,0.998947546147366,365
"1152","ZBED5.AS1",0.383027459013093,0.53637776179804,-3.14645143650212e-06,0.984791255075847,153,-0.000137722730768682,0.327805752315626,212,-8.49159106231801e-05,0.426219686970888,365
"1153","SNHG11",0.0792169756679508,0.778522619229011,0.000211741840236013,0.285269523094744,153,0.000145893403006457,0.292023549174995,212,0.000179291221460402,0.1196473206709,365
"1154","NLRC3",0.147724461970747,0.700945800057536,-0.000275032422477387,0.293940132984162,153,-0.000405267018527249,0.0622852152328361,212,-0.000356858313054747,0.0323632806143746,365
"1155","BLZF1",0.078037718471673,0.780134433916755,7.03599138355467e-05,0.752234978987918,153,0.000150539245650305,0.410111195430962,212,0.000112315036473688,0.425533315526059,365
"1156","AL109811.2",2.82413201489071,0.0937220952832095,-0.000365348859165632,0.0596039875821702,153,8.24591623595713e-05,0.642473984649755,212,-9.86642249232397e-05,0.452008468870376,365
"1157","BET1",0.0532815761369844,0.817579171196404,5.27763475028062e-05,0.814576778768777,153,0.000119533278822069,0.515486064805148,212,9.96912976284558e-05,0.48313317368421,365
"1158","ACOX3",2.14632104675293,0.143782326799717,-8.76252616062545e-05,0.567438728336298,153,0.000228244227642118,0.117019771338612,212,9.70103942365449e-05,0.360516975828225,365
"1159","CRACR2A",2.21656308636758,0.137409758863044,0.000250015873291036,0.0967170503143249,153,-5.59819274256566e-05,0.681466910712101,212,7.0214544970691e-05,0.487343693518616,365
"1160","GMPPB",1.30351239937914,0.254329376484864,0.000264782040702885,0.101667966486718,153,-2.05329734662391e-05,0.907290144783271,212,9.01326675020635e-05,0.463698340326743,365
"1161","RORA",0.606732411804981,0.436531063703848,-0.000339139791935981,0.318801288790491,153,-1.69247089415888e-05,0.946332767322208,212,-0.000147774638955062,0.466641839089392,365
"1162","RBM41",0.530071552850309,0.467048747224989,0.000435831850133477,0.0488851624232864,153,0.000178556203671201,0.480238888414981,212,0.000272980719057537,0.117118792123978,365
"1163","PAXIP1.AS2",0.000445610919843403,0.983169970641475,0.000268535080988839,0.203676512478568,153,0.000274147699428868,0.10082400421381,212,0.000276956189101517,0.0343653601198509,365
"1164","MAFB",0.176786127493152,0.674400032743393,-0.000146024138060151,0.817480538410914,153,0.000279788607273596,0.698964021042102,212,0.000111696636742401,0.822032425939139,365
"1165","AC015871.1",1.23946607676864,0.266314724334531,0.000126185139764506,0.451092370030499,153,0.00037769538676345,0.0115715171704458,212,0.000269945154034726,0.0155439245380964,365
"1166","TRAM2",0.168821858174928,0.681404771788868,-0.000185333351362087,0.368933013701163,153,-6.88073930058746e-05,0.715225282910412,212,-0.000116943145248652,0.400531347856055,365
"1167","ERCC8",0.458197307800483,0.498901178133647,0.00013095002492434,0.290520699984324,153,1.73722295369526e-05,0.875173282657434,212,6.46649664938155e-05,0.432236984803926,365
"1168","SPATA5L1",2.65204303195963,0.104289241413008,0.000247067524299069,0.186770509455265,153,-0.000180648915303424,0.307623813252084,212,-1.67495034485381e-05,0.897488369865104,365
"1169","GCNT2",0.0394462109736208,0.842679085183502,9.48662565567912e-05,0.651053021852714,153,0.000150984082914449,0.415853654289086,212,0.000121742061165814,0.380531540543708,365
"1170","TEX2",0.135294801359934,0.713219725094135,-6.63968841552645e-05,0.648413690322913,153,5.7692425305705e-06,0.964263125176118,212,-2.25491837616764e-05,0.814671798280427,365
"1171","MNAT1",0.542624900201087,0.461825341527974,0.000181460155967457,0.267752382237933,153,5.6051235330276e-06,0.972719954843881,212,7.31356108452425e-05,0.53285794241689,365
"1172","CX3CR1",0.042605165954853,0.836586876317973,0.00192609948907957,0.0132336396215826,153,0.00212844940686813,0.000689357129044991,212,0.00205563044046276,2.40243110469454e-05,365
"1173","PGAP2",0.026607397612702,0.870517005112245,-0.000121295623903222,0.367263260987266,153,-0.000158429086484936,0.340076994364724,212,-0.000147132989750568,0.18830822373962,365
"1174","MAGEH1",0.00783787408493317,0.929503127424132,5.06981098656654e-06,0.978524601618148,153,-1.71321418017511e-05,0.916446455797907,212,-9.02178554443472e-06,0.941493971809537,365
"1175","GASK1B",0.0242502514434279,0.876336891385911,5.21028873785596e-05,0.856891877171426,153,0.000106505217472377,0.613716506946165,212,8.69541158605036e-05,0.611731555111,365
"1176","ZNF84",2.11332722908861,0.14689031199444,0.000222218797477063,0.214170137374738,153,-0.000180590172789701,0.356236833000179,212,-2.27223115047342e-05,0.867791978429945,365
"1177","COX10",0.889000632529246,0.346378826164446,0.000447775319679644,0.0291925594479723,153,0.000199818568102972,0.233975455852025,212,0.000304618223749978,0.0187839721767374,365
"1178","STK35",0.61454899328937,0.433594206847475,-0.000124319500143296,0.380940894164558,153,3.15027671331452e-05,0.813580242680914,212,-3.77048459632336e-05,0.699853084309826,365
"1179","ZNF692",0.0787448878815417,0.779166307120076,-0.000144966226237981,0.486979075405485,153,-6.89929193946861e-05,0.69067923427066,212,-0.000101705297774127,0.443719455668638,365
"1180","PTGS2",0.13105553193289,0.717551943897509,-0.00113195205401349,0.294622853788531,153,-0.00163926919658761,0.0688832680953317,212,-0.0014116889262226,0.0406251299960588,365
"1181","TSTD2",5.27548838517945,0.0221996010078387,-0.000546247631910746,0.00326876534092578,153,4.01020634572143e-05,0.814605615962303,212,-0.000203059390257756,0.10805276370847,365
"1182","LSS",0.217969612303761,0.64087298593741,-6.88519882840925e-05,0.678612546824456,153,3.52003832186504e-05,0.809290334900239,212,-6.15040143746033e-06,0.95511869863256,365
"1183","IGSF8",0.274410984716253,0.600709520960405,0.000157406997764901,0.479843766602588,153,-6.50169030040368e-06,0.975363963784108,212,5.27101102353159e-05,0.731780318941531,365
"1184","PAOX",3.31351634777843,0.0695402073695127,-0.000246099265059571,0.190675366676878,153,0.00016972637370711,0.22242774906583,212,4.77626298620059e-06,0.966185790432977,365
"1185","AGAP2",0.499240966409343,0.480289610553681,-5.3199693688283e-06,0.969890277419172,153,0.000138139065255444,0.318851827688595,212,7.86822031125946e-05,0.429697938896555,365
"1186","ABCC10",1.48005442133842,0.224560810648852,-0.000222424971645022,0.225047294379175,153,5.73731064661864e-05,0.689663256202479,212,-5.52144908869791e-05,0.625102927615118,365
"1187","AC093323.1",0.147747216312296,0.700923883722292,-0.000144361867907704,0.637223387865367,153,4.55247728458675e-06,0.985070069026392,212,-5.50813754360681e-05,0.771826179359335,365
"1188","CASP7",0.633290842463343,0.426673734302233,0.000383453423955108,0.120478723666735,153,0.000630606450038183,0.00137108701723942,212,0.000532302781826897,0.000532258004525595,365
"1189","NCAPD3",0.836327096459071,0.361059751932625,3.34246289471782e-05,0.844855373668319,153,0.000250448433120749,0.115462105063426,212,0.000158835061592832,0.173379201816534,365
"1190","FAM149B1",0.164524167925473,0.685265217271548,0.000260539965673777,0.146565217924321,153,0.00015796412369984,0.355304032559899,212,0.00019322309721077,0.12067406612949,365
"1191","SLFN13",1.19720950702673,0.274609650138831,2.45562041171651e-05,0.8783691969853,153,-0.000232858743391825,0.151124334360904,212,-0.000127747370488744,0.269119922341149,365
"1192","ISOC1",0.225366396343853,0.63526812006968,-7.93910043200726e-05,0.728839859602173,153,5.69243759349861e-05,0.750444028346479,212,-5.76896346957393e-06,0.967386730604108,365
"1193","CYB5D2",0.196886325973458,0.657511769272156,-0.000490553012980903,0.188709772906652,153,-0.000698620056053791,0.0180008846144063,212,-0.000611867577970534,0.0080855494692053,365
"1194","NUAK2",0.339605596879627,0.560420790900172,-5.38868531705126e-05,0.806666767324513,153,0.000123576012728488,0.542923531369885,212,4.16598938011095e-05,0.78103392988371,365
"1195","RIN1",0.717734180997986,0.397449441081218,-5.52922589456785e-06,0.977507991823341,153,-0.000228992574977376,0.186225954836781,212,-0.000136542504375764,0.291788013613101,365
"1196","SH3D19",0.0536532727198452,0.816955275023679,-0.000186595266740999,0.726733846075678,153,3.48996832577674e-06,0.995171628578567,212,-0.000125527035835212,0.758406664275863,365
"1197","ERAP2",0.416496502627942,0.51910037464049,8.22633468740462e-05,0.958410847954247,153,-0.00125893515705607,0.349267375019404,212,-0.000655837961792475,0.521127141415182,365
"1198","ALG9",0.0841729518496207,0.771886614058281,6.84863658315274e-05,0.691846296137377,153,6.55985749180186e-06,0.960180136527968,212,3.28414537527857e-05,0.753648908809297,365
"1199","DCANP1",0.282411018041457,0.595452118706093,0.000248885346856851,0.212890302607776,153,0.000402298320824142,0.042519509153426,212,0.000340427582316881,0.0166014925474807,365
"1200","AP4M1",0.339683964807139,0.56037557275553,2.93942410738602e-05,0.843873878481401,153,-8.84231487906372e-05,0.506645265206063,212,-4.12223559696163e-05,0.67757942713023,365
"1201","PRR3",0.0213574595380768,0.883890928394624,-3.57407828878769e-05,0.85203614123053,153,-7.21927426474614e-05,0.651763984736688,212,-5.70874705287886e-05,0.640593581466906,365
"1202","POMGNT1",0.359872553945089,0.548953376532307,-0.000194118311549584,0.339228455140733,153,-1.53856469782659e-05,0.940205981910604,212,-9.67929764038669e-05,0.509042470052309,365
"1203","PPP1R16A",0.480484698871724,0.488648561511199,-3.70479399430403e-05,0.866766053155878,153,0.000162415593575964,0.379479474879763,212,7.84628563270582e-05,0.578436095869512,365
"1204","CBX7",0.00362118663642024,0.952048523255339,-0.000248138591536221,0.193415450119697,153,-0.000231002603754582,0.243557334587995,212,-0.000244350428772387,0.0811970516260774,365
"1205","NIF3L1",0.0836451938436909,0.77258303411834,0.000282252558847489,0.116129867448299,153,0.000215731589373074,0.140913624479007,212,0.000237952982310027,0.0356889468788064,365
"1206","AKT3",0.046061078396646,0.830185991555816,3.99821299697656e-05,0.790866844589372,153,8.67015699445441e-05,0.55970178768661,212,6.54379728869149e-05,0.539955256349771,365
"1207","IDNK",2.11297197027697,0.146924188206345,-0.000235097515796987,0.245437827569867,153,0.00012688816081094,0.40735403339302,212,-1.57432019665478e-05,0.897834662591774,365
"1208","RPAP1",0.0143794085246383,0.904617844877154,-6.72089163709446e-05,0.750541546301518,153,-9.57884159104982e-05,0.473285796133185,212,-7.91886700525499e-05,0.498669867263412,365
"1209","GTPBP8",1.04591749959362,0.307134035909493,3.51871119119368e-05,0.89963429024152,153,-0.000364425880009798,0.165835477526235,212,-0.000197757579400157,0.302997314319335,365
"1210","IFT74",0.380503082066782,0.537722943929456,-0.000136383341480124,0.630756013815712,153,-0.000366972752102512,0.130069037870521,212,-0.00026855502740981,0.143715896405384,365
"1211","CITED4",1.87515542137194,0.171737059419383,-0.000212523295309799,0.344049276794192,153,0.000181095587683814,0.320856286628471,212,1.27180734308427e-05,0.928444726539996,365
"1212","NDC1",0.0627575124043956,0.802332009214249,-0.000118516342761567,0.533400697566233,153,-0.000183649107194447,0.286721788248239,212,-0.000160255830311665,0.209345202614252,365
"1213","CHRNB1",0.764678734949483,0.382449656058161,5.03332709727255e-05,0.825708575962643,153,-0.000210914107405757,0.272936250123238,212,-0.000111003158107853,0.449941370409258,365
"1214","HIST1H2AC",0.459328594443969,0.498372055583681,-0.00072529713014222,0.107440465292421,153,-0.00110071071131703,0.00141785514349276,212,-0.00094968694220229,0.000527147293053781,365
"1215","TPD52",0.146909065883505,0.701732448717543,-0.000275453250965443,0.20767047314578,153,-0.000158948458259121,0.435262677829599,212,-0.000217173644892565,0.147425507150678,365
"1216","DPY19L3",3.34271705631165,0.0683281101124411,-0.000322422198936168,0.145403159330256,153,0.000142217838579925,0.330392375971939,212,-4.25930279472892e-05,0.733956456869801,365
"1217","AL118516.1",1.4643426354822,0.227032183882853,0.000890286374085396,0.0565477806032706,153,0.000111347252449584,0.795625345516461,212,0.000421799862841774,0.182899234995422,365
"1218","PKNOX1",0.986097149059397,0.321363268010647,-0.000159735467492917,0.337001152524167,153,9.4590448909564e-05,0.599774294523244,212,-1.67235398125921e-05,0.89449186175797,365
"1219","NKRF",1.66170711484474,0.198198376512236,-9.26695732408693e-05,0.636181788881723,153,-0.000482779388284184,0.0243652725046267,212,-0.000329811972119033,0.0272898893296385,365
"1220","WDR47",0.326092653718545,0.5683242941531,-0.000255947447309967,0.125654051329581,153,-0.000124746899811572,0.415196772151585,212,-0.000179202491402274,0.112341506420394,365
"1221","CIPC",0.189940782230016,0.66322639522782,0.000182871014489127,0.297798420473399,153,7.95192400419714e-05,0.610309165808972,212,0.000116795881646148,0.316213147627489,365
"1222","HPS6",0.870675223367385,0.351392106519771,0.00030486403756781,0.101112842455644,153,7.70948512727184e-05,0.625494777010771,212,0.000173676987302704,0.147997235826902,365
"1223","ABHD17B",0.0915517049603023,0.762387939626358,-0.000232426425320186,0.252732841005304,153,-0.000152964884277806,0.3623453822057,212,-0.000182746636485632,0.156471769458995,365
"1224","TCP11L2",0.0128290711169884,0.909883037063688,-0.00011260335512308,0.44461764234912,153,-0.000137393468647101,0.365124105941753,212,-0.000131054558240267,0.222832782180185,365
"1225","ARV1",0.193228873557276,0.660505756411786,0.000143775570049474,0.417339052122101,153,3.4573319529219e-05,0.835971931494199,212,7.79719398034168e-05,0.522205160221298,365
"1226","LINC01003",0.0440991405850221,0.833787737222428,-6.50640453843133e-05,0.756564322949493,153,-0.000121114270683209,0.471783362867639,212,-9.39830209873792e-05,0.473110551930682,365
"1227","ALPK1",0.516225250535932,0.472921097004501,0.000169868195759725,0.521350383657068,153,-7.88607683590764e-05,0.723269430906902,212,1.95297715489337e-05,0.908461696410601,365
"1228","COPG2",0.0599551428844134,0.806705975342856,7.88655853248615e-05,0.637027167657713,153,0.000135320193066896,0.378487756695969,212,0.000113754821943698,0.314572909470192,365
"1229","DLG4",1.18156333301321,0.277763199204376,-8.23913400613656e-05,0.700666294502011,153,-0.000415111838739884,0.0467432339928493,212,-0.000272580029906536,0.0708168417102826,365
"1230","ZNF75D",0.703732524020727,0.402087485409198,2.03198447422959e-05,0.918537876373937,153,-0.000195035558035682,0.234324356745819,212,-0.000110201075683808,0.382104215510893,365
"1231","CMTR2",0.000754372858548851,0.978103354898333,9.41806937505856e-05,0.738420938182923,153,0.000104095594616186,0.64898582961593,212,9.66458557358523e-05,0.585116377853809,365
"1232","NECTIN2",0.22447824583932,0.63593510886637,0.000132711088436759,0.460215407287577,153,9.48468528674103e-06,0.957460135979448,212,5.53675207600818e-05,0.664530895318221,365
"1233","PEX10",0.0280403163947737,0.867107837168245,0.000134059154318428,0.477242519903085,153,9.48432600369903e-05,0.512844238198678,212,0.000110878437584112,0.334396927707309,365
"1234","DUSP6",0.158453964772175,0.690819221524096,0.000903107798774829,0.391447718392254,153,0.00146828811403234,0.11636720114963,212,0.00126783975756511,0.069645069444293,365
"1235","MED26",1.21216750455603,0.271636837996957,-0.000293917720327443,0.184980398723539,153,1.05125200091104e-05,0.951248963995561,212,-0.000107192704270603,0.430935010260061,365
"1236","ZNF366",1.39007499320702,0.239168913189544,-0.000305861579405851,0.37475461181268,153,0.000254216073463744,0.421973859088486,212,3.65430977774743e-05,0.875772958960044,365
"1237","PRKAB2",0.23457170419426,0.62844820643179,0.000217182800189849,0.393458831059668,153,7.17709824714807e-05,0.685474166625593,212,0.000138182168256017,0.349155596916353,365
"1238","TAB1",1.31836211145583,0.251646487241729,-5.72965167821178e-05,0.803869060857076,153,0.000236877848814847,0.0934044847088366,212,0.000119886915613088,0.341184807495595,365
"1239","UNC119B",0.113378559448383,0.736525656482855,0.000281723916428761,0.0676195836293972,153,0.00020987029051365,0.142662756234433,212,0.000238601200776205,0.0230452235323516,365
"1240","SLC22A18",0.160189703771662,0.689218656218206,7.64311497593618e-05,0.750469901197597,153,0.000195969129161586,0.289507639876496,212,0.000153460775100053,0.295770100328773,365
"1241","AC012615.1",0.256080596426641,0.613134591337956,9.49983587646509e-05,0.808951957470297,153,-0.000196174221948119,0.620005661126924,212,-0.00010104493125244,0.721936508776635,365
"1242","HIST1H1C",0.0184541075191859,0.892018825685659,-1.25188709508194e-05,0.967293067257232,153,4.15882934436531e-05,0.870832083297302,212,2.29559389808414e-05,0.906422892599914,365
"1243","ZNF677",0.130700847601799,0.717917980387505,-0.000180500309629214,0.283086516950364,153,-9.92263677424172e-05,0.49977575052099,212,-0.000135062705519072,0.221089828536142,365
"1244","KLRD1",6.9483154059319,0.00875182966105429,0.00172832065813709,0.00273908365562975,153,-0.000100272293999688,0.812381973281922,212,0.000666472218501967,0.0535198543727138,365
"1245","FAM118A",0.0791003253631165,0.778681478007299,-0.00139244234225891,0.320794168211517,153,-0.000894624012344108,0.420697088743358,212,-0.00107543756119768,0.215932642168766,365
"1246","FAM118B",0.60048227390587,0.438901339497752,0.000135925224950806,0.588906841462059,153,0.000401652893778793,0.0775855830474064,212,0.000291475222954302,0.0838053771566924,365
"1247","SRXN1",7.17583586837356,0.00772721548151219,0.000781535300377904,0.000562054684672493,153,6.6590476505522e-05,0.677694673456492,212,0.000363183139219555,0.00629500437284598,365
"1248","WASL",0.168481179811789,0.681708680893298,0.00023184609819312,0.205948242625282,153,0.000132005417203807,0.404742984160774,212,0.000170951339938541,0.15235998121687,365
"1249","PAXIP1",0.718969985011184,0.397043815394975,8.66077856116285e-05,0.558475794823782,153,-0.000125266245974223,0.491270126232138,212,-5.60090740882729e-05,0.653511650399256,365
"1250","TXNL4B",0.00162460752757646,0.967871116874938,0.000233649260850647,0.167548087308418,153,0.000242471579798985,0.0843141815606428,212,0.000239426372337245,0.0261436121428916,365
"1251","POC5",2.83118697718686,0.0933146488903104,-0.000397635170803237,0.0447521694852091,153,-2.12911755754615e-06,0.987889051024921,212,-0.000157893033936964,0.173708151935783,365
"1252","PARG",1.02300355393054,0.312485042562018,0.000218847120768572,0.21091987139273,153,-3.04028211038731e-05,0.854902753878407,212,6.75762510895173e-05,0.576800995781451,365
"1253","ALDOA",0.0362252868448433,0.849157986078392,0.000813947853504056,0.000637947124146964,153,0.000873364304343356,2.69117554537328e-05,212,0.000844999997103585,6.38103582892444e-08,365
"1254","CLP1",0.209163003459059,0.64769933239693,-0.000152382815291537,0.503568874873507,153,6.85392273491913e-07,0.99762746686056,212,-5.8398065729448e-05,0.722053946247574,365
"1255","ACOT13",0.000728826924205447,0.978477207926563,0.000162409116473495,0.424351618839172,153,0.000169824012298382,0.347694205131469,212,0.000167198038120892,0.214731085549128,365
"1256","EIF2AK3",0.163082621761717,0.686573247237835,-0.000234141646170973,0.232804732972111,153,-0.000335523159006154,0.0360380831326292,212,-0.000291956114117918,0.0181577460164693,365
"1257","BPNT1",0.164798075981955,0.685017433966438,-0.000306194351007959,0.242755608858824,153,-0.000175171505880789,0.377870907938629,212,-0.000218104928236139,0.170331528138569,365
"1258","BCAS3",0.299543017061678,0.584507233985678,0.000120938583874229,0.540794128266642,153,0.00026657256838058,0.127724313385605,212,0.000207819129045599,0.111846722167481,365
"1259","CEP85",0.438724685041002,0.508161267663117,0.000227893795654333,0.225961738256266,153,5.44928560898207e-05,0.756004744418243,212,0.000124473469488205,0.332638652936001,365
"1260","AC112491.1",0.111341831240523,0.73881535588608,-5.22163279708945e-05,0.893329459178332,153,0.000126846907362514,0.722406422138614,212,4.0246760823954e-05,0.878689580090347,365
"1261","SULT1B1",0.612652197751594,0.434304094783734,-0.000203230381537801,0.294728760706368,153,7.32225439184464e-06,0.967518681489484,212,-7.77883570834899e-05,0.555646563787151,365
"1262","TMCO4",1.07901579177173,0.299613068414449,-9.59888658216585e-05,0.655362691830734,153,0.000166203095721029,0.262246961143305,212,6.24809930603657e-05,0.614357043359932,365
"1263","ZNF141",0.0470114302552529,0.828470173212059,-0.000114020426234915,0.45147916294331,153,-6.97622819658898e-05,0.602901686480973,212,-8.97657003403013e-05,0.370057458374236,365
"1264","ADAMTSL4",0.00299833510764517,0.956362304736326,0.000339462193077467,0.0848875107789166,153,0.000354713511412595,0.0609465140260627,212,0.000332270996398627,0.0166553086016785,365
"1265","CYB561D1",0.0593580157134124,0.807651906021166,5.2042641465869e-05,0.821215196653926,153,0.00011835313990498,0.461801672154419,212,0.000100899771850089,0.451750861823695,365
"1266","PTBP2",0.114856985755293,0.734877912508826,3.69069413858225e-05,0.827378858699215,153,-3.00594872455642e-05,0.794177719354099,212,-7.4529164990931e-06,0.938801580613597,365
"1267","PRMT3",0.835676004214351,0.361246527671195,0.000108087944775591,0.449397392654902,153,0.000286580540685088,0.0275715443356728,212,0.000212117146643048,0.0273898243690241,365
"1268","MTSS1",0.143768057598999,0.704786343279849,0.000141856500596362,0.663946023553891,153,-1.14698211003223e-05,0.963330119154961,212,4.61156934376187e-05,0.816163423568685,365
"1269","CNBD2",0.381668525468887,0.537101141973202,-0.000240415765007736,0.160894450109363,153,-9.29119710050405e-05,0.561829853076829,212,-0.000151213533061088,0.197167719665414,365
"1270","ICOSLG",0.2906116091248,0.590161159743144,-0.000397339370872966,0.286436627019853,153,-0.000645575767491614,0.023792886858132,212,-0.000540563550542655,0.0171175925788028,365
"1271","STAG3",0.0218118656966887,0.882671132704176,1.57777158483741e-05,0.947077514793856,153,6.78617235159937e-05,0.780879373678499,212,3.3603760294567e-05,0.846630305137921,365
"1272","COL8A2",1.43097933965432,0.232389755847563,-0.00015886282031912,0.393023002614396,153,0.000115526627415054,0.413337100821924,212,2.1392095048164e-06,0.98485103671616,365
"1273","EPS8",2.5155221738864,0.113605802998052,-9.35983962144598e-05,0.726377946892026,153,0.000411722125061161,0.0308713132793334,212,0.000203347853170555,0.194989208404053,365
"1274","AC090204.1",1.29473680405671,0.255931466875077,0.000234645166473196,0.236442994489577,153,-5.60337928543574e-05,0.730896937975942,212,5.72526894793234e-05,0.648674959479149,365
"1275","LMNB2",0.0988859490331834,0.753352315800652,0.000333432975958117,0.107390351901348,153,0.000421185318266948,0.0226272458994712,212,0.000387266462516654,0.00487707508025161,365
"1276","WRN",0.0399184362212205,0.841752635928787,3.68202441430431e-05,0.812884924436837,153,-5.3343439335451e-06,0.969394379164572,212,1.40535179198387e-05,0.891953229464917,365
"1277","AP001267.1",1.97363739232634,0.160922179290406,-0.000943010656692661,0.00323591341393723,153,-0.000368751117102287,0.158828107815774,212,-0.000600316680596807,0.00298361304666843,365
"1278","EIF3J.DT",0.0123976332549393,0.911404922018221,0.000179130630687992,0.393690009391516,153,0.000207740371503567,0.186621422060434,212,0.000190841014641362,0.130890127104855,365
"1279","AC108134.3",0.295422417777326,0.587101964164323,3.49559828390815e-05,0.822320408485621,153,-8.25884816879467e-05,0.567945165455349,212,-3.09053552626088e-05,0.770964564279307,365
"1280","PIGN",1.0029395810537,0.317271056429641,-0.000318693120141881,0.151774717904509,153,-5.37104953053133e-05,0.733694793325072,212,-0.000162990288175428,0.209984132767174,365
"1281","RAB39B",0.0596111886625628,0.807250232731717,-0.000144137071087686,0.472361564235773,153,-0.000209467827099368,0.230942568907029,212,-0.000182883646591191,0.163782041256616,365
"1282","LINC.PINT",0.175308376639895,0.675685533256396,-0.000541289690068244,0.125917283658034,153,-0.000725337968483454,0.00836823570908398,212,-0.000648605483543295,0.00278046345073646,365
"1283","PRMT9",1.8096287928677,0.179397176555219,0.000205244662275735,0.559127875370745,153,-0.000468388462824341,0.168751512812042,212,-0.000212423443061515,0.390762433099448,365
"1284","FUNDC1",0.657934368881532,0.417824586632116,0.000265515631084287,0.187702980349991,153,4.07743544905098e-05,0.824989787448001,212,0.000117950668164145,0.390630344352901,365
"1285","MAML2",0.0249307931700359,0.874627913727278,-0.000492822573848944,0.0146372426034006,153,-0.000536600539044173,0.00410984487437286,212,-0.000523847959943119,0.000138274173912367,365
"1286","AL136454.1",1.37513322550154,0.241705099480677,0.00290664638955018,0.0581941233504735,153,2.35428891750456e-05,0.989331367779446,212,0.00120157830596451,0.319960315723598,365
"1287","NBPF26",0.00905096525665324,0.924259143898846,0.000337502775129191,0.242503896298944,153,0.000300743854073068,0.234913755041101,212,0.000306910395999006,0.106415265729686,365
"1288","PUSL1",0.0586501843815893,0.808779760343785,7.36982652002759e-05,0.661835158183118,153,1.50684768198173e-05,0.92716730715009,212,3.40638897455924e-05,0.774429216648386,365
"1289","P2RY14",3.1398506581782,0.0772442583876896,-0.000257956690965154,0.603974465219628,153,0.000753908972235876,0.0219602100766726,212,0.000352796843799776,0.210717089988577,365
"1290","TC2N",0.00256374252353264,0.959645640769343,-0.000840980726002227,0.0102199242153244,153,-0.000817761086306205,0.00884209488986229,212,-0.00083517872634775,0.000235990446154188,365
"1291","ARID5B",0.271922958985131,0.602364498735941,0.000135011761652857,0.440549577780175,153,0.000277341402864239,0.151776866289081,212,0.000207546885647488,0.124084820991573,365
"1292","NDUFAF1",0.589903124987079,0.442958685028899,-5.00956288717421e-05,0.785656759004676,153,0.000142008805074796,0.389639813044327,212,6.57672243265007e-05,0.592120123909771,365
"1293","MED7",0.0241555139340741,0.876576734891742,-2.09179340278926e-05,0.882476148436845,153,-5.21335019040836e-05,0.701237400438505,212,-4.62507443149691e-05,0.639995637572769,365
"1294","MEI1",0.174928209009977,0.676017272013678,-5.74967177545889e-05,0.76514989062275,153,-0.000175040363370009,0.364696066388171,212,-0.000129962448680425,0.346047102539563,365
"1295","THAP5",0.027854492276194,0.867544811558468,-0.000124072000866258,0.546882743481537,153,-0.000169318915429713,0.334514979132713,212,-0.000154133642601511,0.246787894844752,365
"1296","SMG6",0.819616284605087,0.365896189623168,5.26487200505699e-05,0.756618496576304,153,-0.000160710950571523,0.307879452277266,212,-7.45044716007009e-05,0.519549014172607,365
"1297","AC005670.3",0.0297050156432025,0.863257835424588,0.000191747445917724,0.50411267415241,153,0.000133546659506804,0.501581115740764,212,0.000165856673812565,0.317813456030253,365
"1298","SFT2D3",0.582742090998574,0.445738093147235,0.000121069401343472,0.584828665884886,153,0.000361753526536492,0.091446705565759,212,0.000267186612989008,0.0848639020141905,365
"1299","PRKCQ.AS1",0.158632897705919,0.690653754892108,-0.000653542910013896,0.068120788942354,153,-0.000849343161781363,0.0100371799501634,212,-0.000792956807429171,0.00120052582642918,365
"1300","SLC35C1",0.126926520624664,0.721848378414574,7.11707125453316e-05,0.72469139968589,153,0.000159512761675919,0.293816070199582,212,0.000126117939866493,0.300070642701828,365
"1301","SEC24A",0.0656880579420097,0.797867645768463,3.03127803108857e-05,0.83794914078122,153,-2.57288628271094e-05,0.864568325159951,212,-2.86125250884028e-06,0.97870306998382,365
"1302","ATP5MGL",0.192210325982088,0.661345554461376,-0.00059119498158281,0.478518031338826,153,-0.00111956977390962,0.174751656555087,212,-0.00088584017639777,0.134738581247212,365
"1303","AMDHD2",1.99317642317091,0.158870502663531,-0.000462796125556987,0.0710688126666609,153,-1.46011734032683e-05,0.940815350338247,212,-0.000187364954626132,0.232083965032222,365
"1304","BCKDHB",0.241856518093727,0.623167339023215,0.000130758435761878,0.302274113060955,153,4.53849556748244e-05,0.693622095335511,212,7.44416513321157e-05,0.384020224976641,365
"1305","MFSD3",0.00110506885026079,0.973499518227603,0.000102525721067351,0.495841580436235,153,9.48785172433503e-05,0.55656399436575,212,9.06301289139294e-05,0.423491227939377,365
"1306","PHTF1",0.0342201448432096,0.853343210437627,0.000214689111990937,0.280307427048581,153,0.000260589343874212,0.0922350183177461,212,0.000235214733340856,0.0543641854470217,365
"1307","HIRA",1.00567531057417,0.316612843726045,-2.57627683965069e-05,0.926977411142164,153,0.000295024841120358,0.104517938734675,212,0.000168704341897302,0.283356893076556,365
"1308","UCK1",0.00688338136613566,0.933924442419164,-3.91265243414349e-05,0.873574358365294,153,-6.30487118492685e-05,0.708964232390794,212,-4.78371715260851e-05,0.735354844058924,365
"1309","AL354740.1",1.2761011473345,0.259375261826656,-0.000169960186915227,0.540024847735932,153,0.000243525596054444,0.304829239772601,212,5.25850926327043e-05,0.772813586863251,365
"1310","LRIF1",0.0859540044414489,0.769553690537148,0.00024121375831019,0.329797533870116,153,0.000153857381918761,0.391563538854831,212,0.000202816980925382,0.168634478603602,365
"1311","PARP2",0.012567161371969,0.910803766842691,-0.000162075718631064,0.389286924068306,153,-0.000188791338718791,0.208357397208905,212,-0.000174199159744207,0.136823707121217,365
"1312","ZNF589",0.0490264655948032,0.824891228638248,-0.000228600853571343,0.240155313333851,153,-0.000174945993739424,0.245556229218634,212,-0.000194521146428286,0.102242531218531,365
"1313","HK3",0.555440843875735,0.456587996657377,0.000128214094640618,0.572493226404916,153,-0.000125907717751847,0.59563368549459,212,-3.27345160526382e-05,0.845384525544044,365
"1314","C2orf76",0.00311580526892152,0.955516561407507,0.000194239039199146,0.197646092835635,153,0.00020540371987413,0.115619269997534,212,0.000194885354244346,0.0481514764489246,365
"1315","GTPBP10",0.0930817640630306,0.760471116754358,4.77026928145492e-05,0.852162935383682,153,-5.72280443676979e-05,0.799490163809243,212,-1.94368021404343e-05,0.908292605557498,365
"1316","IGHM",0.340149301988629,0.560107218005025,-0.0054415557256319,0.00372563962505129,153,-0.00393413086917041,0.0240648350349888,212,-0.00461434095698703,0.000318404421395962,365
"1317","TAMM41",0.00549957406378678,0.94092485382663,-0.000177552469493957,0.32764128842047,153,-0.000193637390136757,0.136720668787403,212,-0.000176818942304573,0.0996677159938427,365
"1318","BTD",0.000378914254357115,0.984480337465333,0.000214414541726644,0.241529265953196,153,0.00021918253146434,0.172302338628305,212,0.000222723888975572,0.0646975611074834,365
"1319","WAKMAR2",0.472269100504907,0.492386366965751,-4.3161179839877e-05,0.795940406464871,153,0.000126325727935456,0.458442271142179,212,5.44078904288356e-05,0.65304695857054,365
"1320","DXO",1.51314571062183,0.219460704997413,9.40800014177614e-05,0.536479764711251,153,-0.000160913785091522,0.240921313172308,212,-5.96953634382486e-05,0.55805394123523,365
"1321","LINC00174",2.76128342597077,0.0974388249522515,0.000102630768065804,0.457610443959194,153,-0.000207944708001211,0.0920461297053004,212,-7.90537595990222e-05,0.390419505456685,365
"1322","GRAMD1B",0.00443647788041396,0.946931532255352,-0.00023068693029369,0.429162435437012,153,-0.000256055696774896,0.296305609759563,212,-0.00024883391443503,0.183201318236704,365
"1323","ST7",0.0675639839060942,0.795065389013267,0.000103485525591228,0.556818039051576,153,4.50144353511086e-05,0.751748439289167,212,7.09156746028521e-05,0.52038522154416,365
"1324","UAP1L1",0.146624098538398,0.702007959832642,-0.000431316874300589,0.10893376682481,153,-0.000571724007508445,0.019386693594061,212,-0.000521401973214735,0.00397636719669846,365
"1325","PIBF1",0.926587237597257,0.336395628333729,0.000237534273924006,0.20015439881241,153,-4.6860069916922e-06,0.977498887758983,212,9.13137779505142e-05,0.460044650521326,365
"1326","BNIP1",0.0206840902812172,0.885723138369374,-0.000291644816578712,0.210502174887136,153,-0.000343893549869881,0.182013513575164,212,-0.000315124661220145,0.0778786075836847,365
"1327","TCEA3",1.31708347775095,0.251876119749189,-0.000328403255371743,0.160526779267849,153,6.88507699600386e-05,0.773723271410882,212,-9.69754070000315e-05,0.568550393997807,365
"1328","PI4K2B",0.866638144832525,0.352509821966545,0.000117059672764527,0.515942595845388,153,-0.000117380836730109,0.487493327171197,212,-2.42291731714107e-05,0.844629456307887,365
"1329","TMEM265",0.369334117025768,0.543749562174007,-3.51428141534901e-05,0.837384268342286,153,-0.000171996441659608,0.237699398810427,212,-0.000109536032529696,0.32310149450843,365
"1330","KLRB1",0.781438155424162,0.377290002372151,-0.0020855716987211,0.0153301573255903,153,-0.00318744345701432,0.000250002531953485,212,-0.00276400487340074,8.58040685485527e-06,365
"1331","RTL6",0.322222967042673,0.570627623271927,-9.80868188328253e-05,0.495855667791428,153,2.39984237206362e-05,0.872272533136214,212,-2.56152627459155e-05,0.808103400544599,365
"1332","WDR3",0.0972667620225469,0.755314659202791,-0.000143380288084549,0.531084237167963,153,-0.000240785033612162,0.244630889325141,212,-0.00020608607104344,0.179244172086329,365
"1333","ZNF12",0.0139824974453089,0.905937233489986,-7.82963024671391e-05,0.700036205475211,153,-4.47611960052672e-05,0.813839590632875,212,-5.73434832088076e-05,0.680009012441286,365
"1334","MIF.AS1",1.23825779546838,0.266547515830292,-0.000242334682721629,0.364941850156027,153,-0.000605586916165175,0.00261162124402597,212,-0.000457129710169377,0.00456329560934837,365
"1335","INTS13",0.122967211422592,0.726042862635345,-9.96305833020158e-05,0.666887171954896,153,-0.000206637746108247,0.295877807838031,212,-0.000161555762922306,0.280580319761412,365
"1336","DNAJC30",1.65471388143467,0.199142919437519,7.78664658498702e-06,0.968194995829665,153,0.000326851049024766,0.0373043978729594,212,0.000196098816929907,0.108175893450849,365
"1337","GABPB1",3.5350742084781,0.060888635488477,-0.00024850727249852,0.169961714631505,153,0.000209126347896855,0.191498306901843,212,1.98374808259881e-05,0.868619429021595,365
"1338","ZNF107",0.0044704931085966,0.946728780914494,-2.96978739336262e-05,0.836043917298358,153,-1.55686823302314e-05,0.914878812306221,212,-2.64405327902868e-05,0.798946803855975,365
"1339","IP6K1",1.29688491651291,0.255538152697712,-5.43431243483132e-05,0.809007758320945,153,0.000346824063670808,0.165522435942302,212,0.000178022653100944,0.30409306596579,365
"1340","CTSW",5.44168345769946,0.0202106046138572,0.00162224499040189,0.00287523917088518,153,-4.51537811477789e-05,0.922771903694033,212,0.000631274968965593,0.0743809205262954,365
"1341","CHN2",0.219020664720743,0.640069551382005,-9.38992506781032e-05,0.653070725261355,153,-0.000223172561179167,0.213524811411662,212,-0.000172654656369684,0.202980334218978,365
"1342","SLC1A4",0.103258514719339,0.748139748700932,0.000123319750485214,0.461131226857633,153,0.000202053626995414,0.231231398077948,212,0.00015746809792358,0.194589731602829,365
"1343","ZNF76",0.306835258321485,0.579971664212515,-0.000278048002677274,0.288399183315457,153,-0.000114826578475271,0.486628945863272,212,-0.000172705069149327,0.233967543805865,365
"1344","FCGR3A",0.921119721415427,0.337823495360423,0.00391445806201516,0.00102062002168357,153,0.00249854456061638,0.00729295356606162,212,0.00309522565122937,2.44086580656412e-05,365
"1345","TTC38",0.307268444771735,0.579704457967326,0.000437685710752258,0.302145548621539,153,0.000154728353677204,0.614755994689422,212,0.000278991689203257,0.265941504962859,365
"1346","TRDMT1",0.19822455821422,0.656424614627701,0.000120367169082435,0.433369591847937,153,2.30064968154942e-05,0.876654040283666,212,6.06020339271843e-05,0.572126636281952,365
"1347","ZNF532",1.27856019314004,0.258917564767314,-0.000342950094921728,0.191434619774462,153,-4.64673455710834e-06,0.978234343178206,212,-0.000135903637134692,0.356136039360371,365
"1348","FAM114A2",0.275554999005015,0.599951757406015,-7.81074589743871e-05,0.71869981088067,153,6.75882314050316e-05,0.700670162690483,212,8.96573654988403e-06,0.947475009982647,365
"1349","WDR27",1.41149144125798,0.235590001761074,3.11206326657302e-05,0.834000244757662,153,-0.000213074894654264,0.121213651967404,212,-0.00011559187654719,0.252786169935999,365
"1350","MLH3",0.00244762455568402,0.960569337099744,-0.000289297811528451,0.180542093106124,153,-0.000305593984188775,0.186710943167673,212,-0.000314290415223486,0.0540825502667541,365
"1351","IKBKE",1.23636310144636,0.266913065991702,0.000141350434985336,0.460470949542436,153,-0.000175488586793818,0.374552004464491,212,-4.79303012735076e-05,0.731963256912489,365
"1352","FAM43A",0.427180085654449,0.513791972974631,-0.000635326440549969,0.0991860600053501,153,-0.00030266079485435,0.360511111919973,212,-0.000441867094412076,0.0773844104078382,365
"1353","RBM45",0.181877630718765,0.670018769438438,-0.000127986164407237,0.476836764414603,153,-3.09008184118976e-05,0.828912397095059,212,-7.26604304331022e-05,0.515281205062911,365
"1354","MLLT3",0.224979164138722,0.635558727739078,-6.01485597700182e-05,0.729283077037701,153,5.35700229291438e-05,0.737188993467073,212,-2.25358618719407e-06,0.98479073903277,365
"1355","SIPA1L1",0.00618230221279742,0.937372384345132,0.000165279214806672,0.578297240099256,153,0.000195653012164333,0.429423953912817,212,0.00017361668661656,0.360559041194361,365
"1356","CLCN5",0.762470543435276,0.383136928066604,-0.000203080868103335,0.546670945367521,153,0.000143533382319591,0.539441263503492,212,7.67880157274623e-06,0.968575044605265,365
"1357","HSF2",0.0286951152171781,0.865579794108884,-0.000198064610117618,0.228923532935799,153,-0.000235841609113864,0.10983180906849,212,-0.000215584828490059,0.0495813134289423,365
"1358","PGAM5",0.798992755861529,0.371990211321411,-0.000264242670675392,0.14588289854879,153,-3.73872379459462e-05,0.826435058239288,212,-0.000131586384534363,0.291107586262061,365
"1359","LBH",0.159546215289915,0.689810853311525,-0.000403665360823632,0.310512024778951,153,-0.000167560857615794,0.682365410928049,212,-0.000288040456544878,0.323527922299861,365
"1360","GIPC1",0.13832480120566,0.710170313158061,8.88657763985471e-05,0.686768165856491,153,0.000204603094530271,0.33032072119847,212,0.000153139454658377,0.316123826579242,365
"1361","PPCDC",0.446802819404154,0.504284334435987,0.000136426552551497,0.45037225279312,153,0.000308073695517467,0.0775311659364234,212,0.000238305620761198,0.059087612569551,365
"1362","RUSC1",1.43064238886563,0.232444639522387,-5.4254805095069e-05,0.792723719552153,153,0.00027332489696731,0.125500499569602,212,0.000135292694984799,0.315245405793762,365
"1363","POLI",0.418728285401821,0.517983529302949,4.34990020911294e-05,0.818952232500421,153,-0.000119592183923186,0.46531347544111,212,-5.02011423973046e-05,0.684808329473106,365
"1364","LEO1",0.000588987419097908,0.980651399201152,0.000258999299439724,0.392031059459895,153,0.000269086849010017,0.330476946756999,212,0.000253331146072463,0.215515270511216,365
"1365","GPR162",0.0774845039979987,0.780895096011794,-9.17140393107919e-05,0.612573186475549,153,-1.58839361353256e-05,0.933256734938901,212,-5.07382784087129e-05,0.704218937211117,365
"1366","FMN1",0.0155863740820898,0.900715434423456,3.11040603397144e-05,0.88777696971402,153,7.00881182338859e-05,0.7398072464296,212,4.44828144692175e-05,0.77213621190198,365
"1367","OSBPL1A",0.0355843135411673,0.850482509331227,9.16035118940932e-05,0.758288930524587,153,0.000160860404937395,0.476230957611274,212,0.000127717726826609,0.478328890120078,365
"1368","SREBF1",1.9806065359838,0.160186935456536,-2.21494204393889e-05,0.901294104414345,153,-0.000389457554170851,0.0306998867996938,212,-0.000241448547452653,0.0604765110771064,365
"1369","SNRNP40",0.220049011830544,0.63928574507587,0.00018211818000311,0.390763222541052,153,0.000326885703107108,0.123333447121715,212,0.00025845016395299,0.0893297824911573,365
"1370","H2AFX",0.0252478187852016,0.873839963896454,-0.000726936600166872,0.0149010404764368,153,-0.000788479617509325,0.00178351020767656,212,-0.000763034635006692,7.02332532151195e-05,365
"1371","USP13",0.00830326807567192,0.927445977245516,7.21232880109075e-05,0.763696053659985,153,9.89393322369731e-05,0.582755450721204,212,8.77263602624028e-05,0.543169757883897,365
"1372","HTR7",0.557712492998475,0.455669478285281,5.96205042527857e-05,0.73865663266837,153,0.000245009071893137,0.140838811569596,212,0.000174142657475026,0.153841406101164,365
"1373","NF2",0.0598112271873746,0.80693349907448,0.00029968607103286,0.144382465819869,153,0.00038328280642498,0.123174852314254,212,0.000340156591496578,0.0434628874425427,365
"1374","RAVER1",0.000161834265590437,0.989857084712991,0.000458317354970663,0.0250097921268591,153,0.000461870598999619,0.0135752327598859,212,0.000455822660344579,0.000962611033205412,365
"1375","ALDOC",0.111436640566843,0.738708256337405,-0.000165129099521415,0.375906879721213,153,-8.35432195463522e-05,0.596127049821861,212,-0.000114901944332655,0.337957642724274,365
"1376","P2RX5",0.926826738201491,0.336333267204659,-0.000391747013307369,0.0879540373395938,153,-0.000104004045127892,0.588734875939737,212,-0.000221154603346248,0.132238803680806,365
"1377","SOGA1",0.126706074081651,0.722079966317041,-2.68766653138664e-05,0.897256217086552,153,-0.000124992509372675,0.484864876806252,212,-9.22097922645789e-05,0.496242233839992,365
"1378","PCBD2",4.22395252356502,0.0405762388520545,-0.000252779011354178,0.202778721953701,153,0.000305686028666598,0.0912139176769984,212,7.16026216794445e-05,0.593734812527821,365
"1379","RBL1",0.0581058986862483,0.809651932016468,0.000154208687953938,0.395510633145132,153,9.66904692366321e-05,0.530767445652067,212,0.000119499430114823,0.307294324348718,365
"1380","BIVM",1.08677799171488,0.297883827261462,0.000224062506190127,0.21946239269335,153,-3.53896057918208e-05,0.829980667914295,212,6.6691762136304e-05,0.5855500521116,365
"1381","RECK",0.0811176330507275,0.775951819968522,-0.000221337723508248,0.208886228329879,153,-0.00014883084399962,0.392986519305411,212,-0.000182527459336033,0.144539268125424,365
"1382","REPS2",0.364514213843702,0.54638896564167,0.000136107085151909,0.491783869253391,153,0.000303512351714954,0.104308977537266,212,0.000225799499724828,0.0988330886420551,365
"1383","C17orf75",0.0561786690250893,0.812775409299981,-0.000103131106198027,0.570425193842084,153,-4.61168995233863e-05,0.767628272430473,212,-6.75982174303188e-05,0.566608999622811,365
"1384","GFM2",0.769347299327101,0.381002373930401,-0.000210357754161076,0.265346683159445,153,-9.78286518631559e-06,0.943691174969579,212,-8.88307558805137e-05,0.428998997366513,365
"1385","GRWD1",0.237844512095798,0.626063316796995,-0.000372664835741542,0.188387506416392,153,-0.000215409433552494,0.240636522103953,212,-0.000268422112571906,0.0916168743477401,365
"1386","ELMOD2",0.219996792172972,0.639325492982892,0.000172979763424249,0.35044048890274,153,5.52784650869183e-05,0.738194841579713,212,9.32497890531227e-05,0.451393958390163,365
"1387","LONRF1",1.6456531742657,0.2003746050494,0.000239945529962887,0.269211414273494,153,-0.000171880389770056,0.438874807358585,212,-5.91981686925855e-06,0.970062456270261,365
"1388","GNE",1.84528625262904,0.175180886571463,-6.6980026508823e-05,0.622873479820976,153,0.000215461827962559,0.140240839300954,212,9.65212713354288e-05,0.345637086429972,365
"1389","SMPD2",0.976479743452161,0.323731297034524,-9.69075870095282e-06,0.956691241514337,153,0.000231508260375905,0.153133579654074,212,0.000129527830111773,0.280350377147257,365
"1390","AMMECR1",0.793153451997471,0.373741436933433,0.000256214738723701,0.0716359656309342,153,8.43983448913411e-05,0.508380713960194,212,0.000150558078507289,0.112930741839519,365
"1391","AGAP4",0.182084352508114,0.669842423110903,3.77886923702059e-05,0.843191037787581,153,-7.97698530356764e-05,0.67128780071257,212,-3.0462204912651e-05,0.821583876707706,365
"1392","ANKS1A",0.51046593481577,0.475398956962975,-0.00038276066325025,0.129598300356671,153,-0.000156813113050282,0.42748226244068,212,-0.000247256571269541,0.111598331716309,365
"1393","LRSAM1",0.181115868508233,0.670669623796659,-2.00239469199265e-05,0.898639754847118,153,7.87828944017349e-05,0.623077474467324,212,2.62524588377256e-05,0.819411915562501,365
"1394","PRICKLE3",0.558100532088709,0.455512870118038,-0.000158108188195872,0.521731811522732,153,-0.000386187132897359,0.0412085849503657,212,-0.000292151751795316,0.0516910277723907,365
"1395","TDP1",3.02860243003588,0.0826605847868846,-0.000361482176205384,0.0504145926308672,153,5.86597160030795e-05,0.706741128448553,212,-0.000110460036163438,0.353049783944465,365
"1396","PDK2",2.40936841732118,0.121487228182479,0.000214469319055221,0.311898680800759,153,-0.000241362254576424,0.219240613166647,212,-5.71114178381901e-05,0.692578459921089,365
"1397","TRG.AS1",0.145236307989612,0.703354106240004,8.68714735950979e-05,0.789601932453228,153,-8.90043414951165e-05,0.775437107033418,212,-2.30587398042344e-05,0.918869648998627,365
"1398","RANBP10",0.00844579584018032,0.926827663444666,-0.000227541153844678,0.222516492305672,153,-0.000206084216420236,0.157866090525508,212,-0.000214361198885227,0.0616763280826008,365
"1399","USP46",2.41480007032337,0.121069528657329,-6.40327161995124e-05,0.748286822194006,153,0.000333153573189923,0.0406975230035358,212,0.000171612216728844,0.172721449077892,365
"1400","MTRES1",5.90921869997152,0.0155480956204494,-0.000197750534135427,0.304415507258938,153,0.000428598353438332,0.011601540670269,212,0.000173425076212887,0.173718844045906,365
"1401","NUBPL",0.352570100604316,0.553033722028799,0.000124391133836773,0.501155961405901,153,0.000272406352308657,0.0971873007334804,212,0.000209564144772597,0.0872081601752147,365
"1402","PSKH1",4.08421165286441,0.044023376446631,-0.000369348663242175,0.152653168844037,153,0.000247889499384073,0.172008643686889,212,1.6964178590411e-06,0.991021386278839,365
"1403","AKTIP",0.588970081769219,0.443319303652237,-5.83308213321617e-06,0.975056013088658,153,-0.00022248569398392,0.259561635801427,212,-0.000145833911048972,0.295795265915547,365
"1404","ZNF561",0.000331864183617953,0.985475693378979,-0.000116380681432086,0.541552580684156,153,-0.000120982891584377,0.461118798370119,212,-0.000118300798421095,0.339702008511247,365
"1405","VPS37B",0.704245399585179,0.401916210022583,1.91748431993059e-05,0.924168634624786,153,-0.000227548366404822,0.260090822988976,212,-0.000139461395485466,0.337239793945782,365
"1406","GIHCG",1.23371020211194,0.267425952862054,2.32997501766906e-05,0.892126641311157,153,-0.00023002510758727,0.121732487838409,212,-0.000128149033856619,0.252964287789538,365
"1407","HAUS6",0.151829522191091,0.697022869761726,-0.000287203028506498,0.221460380972562,153,-0.000169612910876002,0.377446219900433,212,-0.00021641011281185,0.144147213604669,365
"1408","NEDD1",0.075373352628504,0.783825113140576,-0.000144409767073645,0.490117755968429,153,-0.000226984176746231,0.26863836255054,212,-0.000199184388040935,0.177865433716386,365
"1409","CACTIN",0.0156322130258019,0.900570305633893,-0.00014165567433842,0.400661035163184,153,-0.000170298652509501,0.26092345557042,212,-0.000159048794948779,0.157230185815296,365
"1410","VIPAS39",1.27732374115505,0.259147577635626,-0.000364670364146138,0.054812499339667,153,-0.000102149505830755,0.473720387166126,212,-0.000202459220703842,0.0774689502282665,365
"1411","FAM135A",1.06885611953005,0.301896044155527,-0.000104383992413519,0.598628334178247,153,0.000237505961635383,0.322399189693254,212,8.55100560837913e-05,0.600306270869283,365
"1412","WIPI1",0.089022487805244,0.765595216567232,5.01138190429101e-05,0.729690964395032,153,-5.58009657154462e-06,0.962509454161888,212,1.60998006972019e-05,0.860353090707166,365
"1413","DHRS4",0.326950217157029,0.567816307463953,0.000858542675764031,0.0193457009499717,153,0.000544084206993306,0.15717030696297,212,0.00066809396687267,0.0136464803049784,365
"1414","LRR1",0.838154655938927,0.360536201342302,-0.000145027620826962,0.436498382147819,153,9.52801391021402e-05,0.590280634699164,212,-8.49067295369858e-07,0.99474158605732,365
"1415","TEDC1",1.79620811719043,0.181014481592863,0.000383308523344591,0.0577112634476996,153,2.36107595574466e-05,0.892812828862803,212,0.000170880874177324,0.195565824282793,365
"1416","RMND1",0.35003108655104,0.554465836733934,-0.00014422089094913,0.451955121993027,153,4.56591502075036e-06,0.977542442226126,212,-5.35743493456754e-05,0.664148323521184,365
"1417","RAB20",0.995393819941385,0.319095910582857,0.000378517112022337,0.254358245143724,153,-8.78873543742026e-05,0.780380632051728,212,9.55579293218941e-05,0.677358541709151,365
"1418","PDIK1L",4.15471358494152,0.0422471489389231,-0.000271803025636335,0.121291916449978,153,0.00018722193308878,0.192430646092959,212,1.34588506813604e-07,0.999032674486791,365
"1419","VENTX",1.98389559418386,0.159841275003797,0.000111028931427351,0.621637923467189,153,-0.00030495427686702,0.110561057120212,212,-0.000133799917541742,0.356955799977928,365
"1420","PAAF1",1.00205246141177,0.317484882410099,-4.38746032545959e-05,0.803623912774591,153,0.000203249343172495,0.22076167007625,212,0.000103302025909567,0.394176188729474,365
"1421","LRRC28",0.533911103100491,0.465441127843238,6.57605365452976e-05,0.675122064676536,153,0.000222012548281582,0.117325894206623,212,0.000156319691862198,0.13685002339317,365
"1422","CEP250",0.216826354723694,0.641749587388582,-0.000261848483607897,0.327264443476695,153,-0.000110400931357642,0.576883585973915,212,-0.00016847669183319,0.291337268078629,365
"1423","MAN1B1.DT",2.75232777849864,0.0979814420610549,0.000242831627326385,0.36210746374283,153,-0.000370983055982589,0.134825590704679,212,-0.000126117395041022,0.488964361821913,365
"1424","UPK3BL1",0.018107656249299,0.89303105122487,5.2192364319614e-05,0.890315208682079,153,-1.70191610935637e-05,0.959997305136441,212,6.42894069110935e-06,0.979661832842475,365
"1425","THAP3",0.648978870666241,0.421008300025248,-0.000153526596990927,0.42188271207511,153,-0.000360319043505575,0.0331127312071502,212,-0.000283545113620923,0.0253247104457113,365
"1426","BICRA",0.516749574761415,0.472696556204853,-6.45585977004305e-05,0.732060746447961,153,-0.000242301758962875,0.129471064692305,212,-0.000170443837566332,0.160486100260229,365
"1427","FASN",0.116167112493115,0.733427597701753,-0.000220541058399856,0.23425564588065,153,-0.000129602151138632,0.476704832061566,212,-0.000165780395113618,0.205512965821177,365
"1428","PIGB",0.514811333846474,0.473527467194293,-7.61678974172769e-05,0.71516446180213,153,9.70591862981219e-05,0.486430499648661,212,3.02036668553255e-05,0.798877412273864,365
"1429","CAVIN2",0.0617419171649682,0.803904946545407,-0.000770478170461818,0.0684523571207098,153,-0.000629361752483789,0.0928076675976418,212,-0.000698675727700904,0.01259380318286,365
"1430","SIPA1L2",0.326561141569836,0.568046670757878,0.000195372982557473,0.356464160930042,153,3.56522961063157e-05,0.8438889820031,212,9.90784863421425e-05,0.469964218307961,365
"1431","USP21",0.0088195208287512,0.925230920414855,-0.000124099055665264,0.528513613021182,153,-0.000148788847222899,0.386273145059648,212,-0.000129815801287973,0.316126366489618,365
"1432","MINK1",2.20400395343597,0.138525408095055,-0.00011792730540758,0.489284945623165,153,0.000248726907313908,0.141839819681667,212,9.34265543867154e-05,0.442670809740297,365
"1433","NRF1",2.11131164260982,0.147082628475907,-0.000349791172113339,0.0843818010348308,153,5.1611877511304e-05,0.778081411485627,212,-0.000116255858283596,0.392538450126089,365
"1434","MTRNR2L8",0.14857776585021,0.70012524455383,0.000257184413419613,0.722805556648078,153,0.000642667645147681,0.334915692795624,212,0.000478085897404852,0.329898837980342,365
"1435","CAD",0.409721829197498,0.522516765465652,-1.09935622828125e-05,0.956429775345623,153,0.000151976894961619,0.3421222051054,212,9.04756329080442e-05,0.469506588256174,365
"1436","BUD13",0.0313804405679188,0.859493643972299,0.00010412688835609,0.485621098809185,153,0.000139566846573215,0.286848513783715,212,0.000122138154668281,0.21380304511521,365
"1437","CEP89",1.75716982327272,0.185816156103926,-0.000257679204351025,0.111007699312339,153,3.72119202964765e-05,0.801791001602144,212,-8.43060934198222e-05,0.440750544519252,365
"1438","ZBTB34",0.905640616902227,0.341910456427513,-0.000112886489953557,0.595852432134008,153,0.000140841228654753,0.396797933719032,212,3.87809265970493e-05,0.766974579138339,365
"1439","SPATS2",0.562431437627698,0.453770704491599,-0.000264244212093761,0.341680837532557,153,-1.36495480664237e-05,0.94585097376373,212,-0.000121928277385978,0.457642174211524,365
"1440","ZNF586",0.0452545981679846,0.831656638477462,0.000105468778306382,0.623728027168877,153,4.96408683692322e-05,0.756224641452243,212,7.1375060752877e-05,0.579098133910333,365
"1441","C16orf58",0.922005497170906,0.337591618567408,-0.000306690883419843,0.179861118235128,153,7.17177830788651e-06,0.974261603336757,212,-0.000113334598993383,0.480921538791307,365
"1442","PTDSS2",0.10782969931457,0.742819037490249,-7.1207449729307e-05,0.6994924072633,153,-0.00014253543052544,0.265473875825691,212,-0.000103046186129613,0.337546296085628,365
"1443","TLR5",1.42974093493847,0.232591548570461,-0.000378619391597951,0.165316707936048,153,1.47468538621057e-05,0.940826526725434,212,-0.000147154758997627,0.362696221575034,365
"1444","GTPBP3",0.0832473152742436,0.773109643436935,-0.000319899207567466,0.0878269445982473,153,-0.000250534755750335,0.10272761729138,212,-0.000276334619530504,0.019539891073563,365
"1445","RGS1",0.00835094371322685,0.927238559444696,0.00208839543119982,0.480316382245418,153,0.0024572863177568,0.358009672341595,212,0.00219213334602096,0.269726731138766,365
"1446","TTLL5",3.74101017498791,0.0538735678572078,-0.000247229207482859,0.110587726558158,153,0.000139665313993577,0.275421455466673,212,-2.40487313961685e-05,0.807784699446313,365
"1447","DUS2",0.436773340877669,0.509105479416599,-0.000101226084540345,0.619112433473103,153,8.57252542537611e-05,0.650421511364252,212,1.51663238736005e-05,0.913084858909944,365
"1448","TMEM39A",0.278418696693556,0.598063686740492,4.29123798339459e-05,0.811182085421588,153,0.000172524428809759,0.289547842077736,212,0.000115999166949101,0.336190893379782,365
"1449","BPGM",0.694562746856549,0.405167807652111,-6.04138706940078e-05,0.76310932983272,153,0.000169953901973808,0.356111312503233,212,7.95193210138698e-05,0.557977233608873,365
"1450","SNIP1",3.00708505221441,0.083754929645918,-0.000363410262565717,0.0892317073577299,153,0.000109062492364981,0.527594697482294,212,-7.74594564277814e-05,0.564405005757046,365
"1451","MCM6",0.0462276042057666,0.829884007101465,8.96390548306562e-05,0.628346524291214,153,3.58250489702628e-05,0.827708102944735,212,6.22944334499147e-05,0.61211329889303,365
"1452","MPZL3",0.287778740029029,0.591977909891504,0.000147067258563264,0.426407100858015,153,2.11952433756851e-05,0.885918218528545,212,7.78396544013004e-05,0.499614290094723,365
"1453","ZFYVE21",0.91996014972604,0.338127369919617,-1.55865684779487e-05,0.950027226814933,153,0.000268038158599638,0.128128189026991,212,0.000168399540308501,0.251531052863613,365
"1454","ZMYND19",0.451616436474324,0.501998186027582,9.92950336155732e-05,0.578129606477702,153,-8.0646317423634e-05,0.664953473583246,212,-6.02023550018729e-07,0.996350391924766,365
"1455","ZDHHC8",1.70547524848305,0.192405030563652,-0.000151037771846085,0.538606359260269,153,0.000229945051912768,0.185315739495354,212,7.40276619595296e-05,0.605575499060668,365
"1456","MOB3B",1.20151006558535,0.273750767948876,0.000467386863273626,0.0545960590453958,153,0.000119832881064472,0.557876805552418,212,0.000257610320016676,0.0987992655505547,365
"1457","SSX2IP",0.0383533175812112,0.844845565273204,9.36284336034614e-05,0.631428499084919,153,0.000145507555216312,0.405191329767361,212,0.000119787221267726,0.357062922349637,365
"1458","MICB",0.812655770894925,0.367937265017344,0.000193380908428167,0.331316001963252,153,-3.83164473529495e-05,0.815287062761354,212,6.18569432583102e-05,0.624459428158833,365
"1459","COG7",0.0135253180361127,0.907480721333544,-9.82969550975362e-05,0.599554436399364,153,-0.000126784422040092,0.421674325801246,212,-0.000112504944707118,0.349233181870798,365
"1460","TNFSF8",0.0047028135447964,0.945364245010439,-0.000168803827735514,0.348170294853325,153,-0.000151747241787138,0.360851445123938,212,-0.000161742897926655,0.185366065753542,365
"1461","TMTC4",2.41425614368748,0.121111285097827,-0.000191989294451193,0.338225002130099,153,0.000178783401461674,0.20929549893167,212,3.21998113925826e-05,0.784115123511911,365
"1462","CTTNBP2NL",0.129249576818001,0.719421581001999,0.000103475442700411,0.656189638440672,153,0.000207957762050577,0.250615690596868,212,0.000167854813264554,0.239314332701454,365
"1463","P2RY10",0.0739247782957089,0.785861171494689,-2.74382012479739e-05,0.896309630234285,153,4.68370301259005e-05,0.788695230189702,212,1.78277341511594e-05,0.894099501128051,365
"1464","STRN4",1.25828169559426,0.262722161742588,0.000327437299168433,0.0745287889831897,153,0.000618713690343858,0.00052255756867091,212,0.000501902985256565,9.83713062337927e-05,365
"1465","RNASE2",0.0747759450738823,0.784662234755941,-0.000704339960181814,0.196291159508237,153,-0.000474098863499812,0.424828439735063,212,-0.000565528853025307,0.171188683013235,365
"1466","C19orf48",0.745142801260551,0.388591543162864,-0.000209600468187219,0.346744638084354,153,3.16074346935905e-05,0.856178601745404,212,-6.76478223267706e-05,0.621785851327825,365
"1467","IPO13",0.559239646537395,0.455053626258776,0.000428544888698032,0.0127092461318548,153,0.000254095612451923,0.101543677325684,212,0.000319619845365907,0.00556703120578091,365
"1468","SNAP47",0.001383407768293,0.970350729891827,-2.56546422130036e-05,0.898415274729218,153,-3.51972989347861e-05,0.828180133042588,212,-3.61583222284581e-05,0.774007736271443,365
"1469","ICA1L",0.0948458767010344,0.758282334584229,1.95108074094915e-05,0.9238870766645,153,0.000105846184462696,0.569610052481222,212,7.01928025715846e-05,0.609570592161158,365
"1470","MIS12",0.0748774427123227,0.784519757591783,-0.000313060988410193,0.139257418432944,153,-0.000238014258410316,0.176395837712916,212,-0.000273495832023368,0.0427375841782609,365
"1471","C12orf4",0.191351094692372,0.662056061392141,3.72656027595383e-05,0.802423149193446,153,-6.14828203389496e-05,0.696650293305909,212,-2.45042669666163e-05,0.824922431851189,365
"1472","SGMS2",1.08008648653151,0.299373773609984,-0.00024923435556224,0.3348703156403,153,9.9700747976015e-05,0.643223088170901,212,-4.13085578554871e-05,0.802112719429445,365
"1473","ARL11",4.05927602231981e-06,0.998393564469937,-6.33960653969522e-06,0.981943926391983,153,-7.09647419744244e-06,0.976963707834879,212,-1.47815208913549e-05,0.936122978147725,365
"1474","PRUNE1",0.74531389875496,0.38853714265033,4.94600001094535e-05,0.801717716684513,153,-0.000161758600536282,0.285660626048976,212,-7.29592909922603e-05,0.543594240389817,365
"1475","GPD2",0.0215604897833474,0.883344297378191,-0.000151010970143027,0.450109756412033,153,-0.000193187319748599,0.323950082779438,212,-0.000183518815301547,0.194071276283864,365
"1476","C11orf49",0.279339774616989,0.597459048503743,4.7206973460524e-05,0.792367278479685,153,-6.97735039083468e-05,0.608359840977117,212,-1.60657620963402e-05,0.882628045617502,365
"1477","CHM",1.37799804773175,0.241216297154196,-0.000155599192390616,0.44410271360238,153,0.00016539605492511,0.356855225854004,212,2.56113808392529e-05,0.84930144522835,365
"1478","ABHD14A",0.156436398788219,0.692692484851519,7.27543940820864e-06,0.966136567236845,153,-8.74109417767465e-05,0.586198709380736,212,-4.79802054484731e-05,0.682719724809468,365
"1479","AL450998.2",0.0911266756177463,0.762923506215467,6.18620599160557e-05,0.698201023283424,153,0.000125550105959987,0.359135025800299,212,0.000108650514877238,0.29715455573484,365
"1480","RRP8",0.0111588570338004,0.915930235718266,3.95506913613997e-05,0.859141844034431,153,7.31434611260297e-05,0.734601574839274,212,5.32252409003798e-05,0.733132485116289,365
"1481","C3orf62",0.195721629861859,0.65846155272892,-0.000288861206471711,0.255265451285355,153,-0.000126193730551723,0.61608787222858,212,-0.000200556596859437,0.267137564901287,365
"1482","MAP4K3",3.36979284372271,0.0672244761070486,0.000305658301264446,0.112325534562747,153,-0.00014753534046464,0.348051284454235,212,3.68271406329696e-05,0.761961996005911,365
"1483","GBP1",0.100625167806354,0.75126407423023,0.0014578506484211,0.186426179165179,153,0.00103418895732948,0.202170326902108,212,0.00117846833908646,0.0729864754857729,365
"1484","NLRP12",0.109599732393401,0.740792374828442,-0.000252136534114244,0.386931281407388,153,-0.000384832443971288,0.149812751318184,212,-0.000333571062315971,0.0902729354900781,365
"1485","MYO1C",4.44242835111982,0.0357453579194545,-0.000132203955422632,0.397323085690107,153,0.000292098167519127,0.0235992924112519,212,0.000125287185424803,0.209159984404212,365
"1486","PPP3CB.AS1",1.91498356911183,0.167265717558026,0.000351832116574176,0.0731816438513558,153,2.46707907421176e-05,0.862914566343934,212,0.000161419493460655,0.165567294006974,365
"1487","TMEM97",1.23306676980772,0.267550533679435,0.000365093891801805,0.0334260701367143,153,0.000108296549074626,0.47774375441775,212,0.000211263322472075,0.0634861542743031,365
"1488","PIDD1",0.732229278063572,0.392729132989607,-0.000135896158168239,0.524720795887415,153,9.73010364173904e-05,0.572226912282651,212,8.89468694429513e-06,0.947085039772792,365
"1489","SLC25A12",0.281122067795001,0.596292682564099,0.000143177666219748,0.333173092055811,153,0.000250748328478418,0.0637586132610177,212,0.000205021890963244,0.0399425514756651,365
"1490","ARSG",0.0757378779931277,0.78331607115936,1.41810142414099e-06,0.994714171386295,153,7.95009509124616e-05,0.666088085812621,212,5.10991337644835e-05,0.713494238204849,365
"1491","DVL2",0.439890174431768,0.507598754099402,-0.0001512785510424,0.437650531026843,153,2.69564625407736e-05,0.880259553008689,212,-4.56353499251201e-05,0.729173281250845,365
"1492","MSTO1",0.0265235987750203,0.870719262347696,-3.43117046868614e-05,0.847069145648849,153,-7.21590922758755e-05,0.629118702321074,212,-5.86201906008136e-05,0.606971604436286,365
"1493","PIGM",3.55875215992325,0.0600346189490925,0.000276080627711665,0.427243715042331,153,0.00108448017407829,5.40678986667325e-05,212,0.000754535581167167,0.000394270829751452,365
"1494","GPATCH2",1.01748758594703,0.313791320592422,-4.45062168001109e-06,0.983570999313085,153,0.000282542561791456,0.125395197380898,212,0.000172021040831592,0.219442719515144,365
"1495","HYI",0.485886967030864,0.486216424918888,-0.000119418348014436,0.512908467541103,153,4.36979170917586e-05,0.76852042350008,212,-1.91326514606795e-05,0.867736874191854,365
"1496","TRMU",0.708472355653899,0.40050865089236,-0.000361764935143585,0.208558750920113,153,-9.57647680099562e-05,0.577002219923003,212,-0.00019253772653347,0.217187391584242,365
"1497","FOXRED1",0.372878944989093,0.541823411327151,-0.000214249024966307,0.217641166557369,153,-6.96121364397257e-05,0.657104715526136,212,-0.000132930481984371,0.253445210978959,365
"1498","MYO1E",0.00625083647944163,0.93702693075959,0.000490213425474946,0.138406915795764,153,0.00045874235334981,0.0570599587154266,212,0.000468972208680823,0.0166737671582561,365
"1499","ZNF789",0.0310594591184774,0.860206623065723,-0.00010974095895141,0.536060856454019,153,-0.000152147872228315,0.338056473978492,212,-0.000131937209610728,0.263963621463392,365
"1500","ANKRD27",0.095937041142871,0.75693963753481,-0.000216756767797403,0.374027256375232,153,-0.000118423406695685,0.561282514210391,212,-0.000166139548983343,0.287116841091002,365
"1501","HIST3H2A",0.105929519874873,0.745015337425026,0.00012056197517684,0.497054385353248,153,3.79691473440228e-05,0.825670316014908,212,5.88587003747955e-05,0.639340283314899,365
"1502","TCEA2",5.34453429293427e-05,0.994171049614486,0.000144202568391722,0.464678552116681,153,0.000145948172811055,0.312917921065384,212,0.000150870417937972,0.19879719868859,365
"1503","CASK",0.681522876494007,0.409608031498123,0.000328461193159183,0.0146138274050563,153,0.0001509960603327,0.32746546272233,212,0.000214963245858375,0.0433015130636852,365
"1504","MUTYH",0.555630209599156,0.456511316927486,-8.718366315221e-05,0.66617265690499,153,9.6392092800189e-05,0.520134512804618,212,2.41111395688735e-05,0.841873943338296,365
"1505","TRAPPC6B",0.00989938474382968,0.920799967327505,9.19379579997228e-05,0.709695448303163,153,5.92736235669092e-05,0.781391010390758,212,7.62725411699203e-05,0.635713346880741,365
"1506","CAPS",0.753156397008271,0.386055260125159,1.07862629016542e-06,0.995328730037006,153,-0.000210634330320226,0.184145683423278,212,-0.000125066065466608,0.296470740491985,365
"1507","AL499604.1",0.00140742648692089,0.970094572263747,-0.000155387587887249,0.643669143180376,153,-0.00017351592668164,0.598303512690254,212,-0.000186568659955804,0.434108531660673,365
"1508","ZNF236",0.40664903428411,0.524079493836051,7.82238851508623e-05,0.71581905562376,153,-9.06492996437659e-05,0.577524535082567,212,-1.95258429034665e-05,0.880522158255821,365
"1509","KIFAP3",1.33158695092109,0.249286466048625,0.000395537881535558,0.0396783145446131,153,6.99696591669954e-05,0.719463933085468,212,0.00019839991383847,0.153093495593461,365
"1510","COMTD1",0.422747151435331,0.515982990382492,0.000237105969389164,0.259820520598391,153,5.76459714866079e-05,0.746319359292046,212,0.000139423020936592,0.305062562489102,365
"1511","ZNF136",1.64304590294418,0.200730692361804,0.000319857527124624,0.076592699911391,153,6.1053928450334e-06,0.969883035754062,212,0.000130081486855789,0.280241818685188,365
"1512","CEP295",0.00379165622296011,0.950934227340203,-0.000275154153412446,0.17978096215181,153,-0.000292647994775984,0.124342369532641,212,-0.00029155774293072,0.0371611033015951,365
"1513","MED12",0.51130023599549,0.475038705344657,-8.20287813803996e-05,0.69609163287811,153,0.000106758552866803,0.517586596536376,212,3.1497553813677e-05,0.807870087668269,365
"1514","DNASE2",0.0304099348390936,0.861661091368225,-0.000239603952729409,0.503047332291205,153,-0.000149167299239025,0.674237626043598,212,-0.000191442171100038,0.451735304990856,365
"1515","GNPNAT1",0.169589370530391,0.680721408046361,3.22867055195501e-05,0.851397581075744,153,-5.99179475618133e-05,0.676026823823017,212,-2.77264982581514e-05,0.801023981017925,365
"1516","BCL2L12",0.00012959596350005,0.990923349042501,0.000169679862718408,0.267291221986527,153,0.000172022859644714,0.203810567540862,212,0.00016412562957311,0.105835601269196,365
"1517","GTF2H4",0.000549170377350765,0.981316725418183,0.000135795926144078,0.439114474039236,153,0.000130488961406443,0.366545309020797,212,0.000134635291419172,0.225747584635253,365
"1518","NCKAP5L",0.173492928392308,0.67727354763556,-2.57091375769314e-05,0.89022824786288,153,8.18093004902456e-05,0.634995444071685,212,3.61578788781617e-05,0.775144232656549,365
"1519","GALK2",0.160923904557537,0.688544660961438,0.000212141886750922,0.192637562993378,153,0.000122412680171682,0.410991815283033,212,0.000152994424399068,0.16466873184638,365
"1520","FBXL19",0.242424001920347,0.622760126320498,-0.000136560833367658,0.496931598741603,153,-1.57934052127926e-05,0.915826398886328,212,-6.11283358578747e-05,0.611660893817518,365
"1521","AC007780.1",0.762968410581607,0.382981820011753,0.000561478048199774,0.00102712161996368,153,0.000360047476763414,0.0194474652690552,212,0.000435628378820491,0.000144738410047496,365
"1522","SCAPER",3.379327220173,0.0668404146789326,0.000617542178129542,0.0714224369052019,153,-0.000182712458028159,0.507131355597372,212,0.000149099672767296,0.487076012339182,365
"1523","ACYP1",2.80181404228659,0.0950238785537544,-8.34154403820005e-05,0.628754001198972,153,0.000303679158901741,0.0457303250982023,212,0.000148469606822098,0.192738554826276,365
"1524","CCDC9",0.220585128779026,0.638878002812093,8.5665340706573e-05,0.686454536198282,153,0.000211699928809884,0.209533480047714,212,0.000159516296269262,0.225836044822288,365
"1525","AL390195.1",0.663429142393832,0.415888907845022,0.000204037071426863,0.447013913137148,153,0.000465397038919957,0.0160139888106604,212,0.000362775243158899,0.0217483036666515,365
"1526","ZNF700",0.784514972566037,0.376353455697566,-0.000516564678543232,0.0233842131209874,153,-0.000254362457707345,0.183147203276404,212,-0.000356936484299974,0.0144811606475531,365
"1527","GALNT4",0.000886410642456269,0.976264824332935,0.000258398603474898,0.256634906835985,153,0.000269040621898345,0.289298532124442,212,0.00025387018582623,0.149286993497508,365
"1528","PPM1D",0.00274871531033495,0.95821650999753,-0.000331369197539091,0.133958808460462,153,-0.000346065022278678,0.0512384956087594,212,-0.000337252180198039,0.0145369621884014,365
"1529","ERF",2.16898256644769e-05,0.996286651069674,-3.75998267249139e-05,0.833255573414392,153,-3.86643824053816e-05,0.789403902437862,212,-3.68619225840088e-05,0.742195148974447,365
"1530","STK3",0.123550591242456,0.72542010795073,-9.75465948382421e-05,0.661214578172463,153,-0.000197417535169397,0.272370968477292,212,-0.000163052900582848,0.243087670737309,365
"1531","ZNF397",1.65894254695289,0.19857114168669,-0.00010118885614644,0.662182695780279,153,0.000328195281746361,0.149621631442052,212,0.000153210640070793,0.349824551685822,365
"1532","PUDP",0.463715696775205,0.49632909115946,0.000174244667731562,0.428572998842805,153,-6.67982092463238e-05,0.792076839922499,212,-2.92917060208466e-05,0.878625135557983,365
"1533","AC073896.2",1.36445590042704,0.243537580752031,-0.000183994352888007,0.268848081579023,153,7.34594869843444e-05,0.608101445617621,212,-3.10846282170893e-05,0.773976597807017,365
"1534","PHYH",1.06617846950536,0.302501480225813,0.000179471671211445,0.30477391484778,153,-8.41279646909919e-05,0.631491131021672,212,2.31972763837953e-05,0.853141516799168,365
"1535","UHRF1BP1",0.680389325950237,0.409997393018186,9.57565609313413e-05,0.56688271365305,153,-0.000105067686153607,0.529247143001862,212,-2.81576354212801e-05,0.813941420977257,365
"1536","ZEB1",0.812982228455441,0.367841181753303,-0.000450879047183368,0.0402208994095313,153,-0.000165159194710468,0.446686134629675,212,-0.000288089166031216,0.0649297971072493,365
"1537","LINC01089",0.930944280948606,0.335263564852802,-0.000433721612510791,0.119281267664228,153,-8.50343555236797e-05,0.713889048054452,212,-0.0002271165452054,0.200862721307217,365
"1538","WDR36",0.466633196084901,0.494978303976968,-0.00026657909969063,0.210496539336636,153,-3.20935665319309e-05,0.896241362608191,212,-0.000132693969977551,0.431132605164771,365
"1539","FKRP",2.42692308715075,0.120143004766358,0.000125196471101493,0.489700852852633,153,-0.000227275605058196,0.107011148210536,212,-7.79583971513826e-05,0.48458938126754,365
"1540","GRAP",0.983280410751392,0.322054436088733,-2.4358250654428e-05,0.913775119198322,153,-0.000319369323187682,0.0988086049557905,212,-0.000194271160217949,0.184296492325619,365
"1541","DISC1",0.470460634945338,0.493215585613254,-1.30298647524439e-05,0.954880202098672,153,0.000198797750193897,0.325684925420209,212,0.000114858370771655,0.448570484240011,365
"1542","LY6G5B",3.54151016845595,0.0606552259027586,-0.000374788757017782,0.0912817747976898,153,0.000148015386139143,0.394098882700226,212,-5.79942214564829e-05,0.672550131116512,365
"1543","MS4A4E",0.806187848866049,0.369848151382907,-0.000131691631745893,0.680936453664706,153,0.000255275740871194,0.366853719975728,212,0.000105906857117781,0.61710229388711,365
"1544","OSBPL7",0.0209237551669016,0.885067577489627,-0.000205602523800647,0.276405323673938,153,-0.000240487145022721,0.116241131859089,212,-0.000222760514200342,0.0603212968634456,365
"1545","TMCC1",0.011160360042274,0.915924595235144,-9.92130378259182e-05,0.58601948347536,153,-0.000123711279911518,0.398162550066336,212,-0.000116131832834889,0.30746189964011,365
"1546","LACTB2",0.277730919909826,0.598516010043409,6.10840588541679e-05,0.827445285604256,153,0.000252438293399579,0.277313371763401,212,0.000175363656412949,0.324974057829324,365
"1547","GOT1",0.0117806995703005,0.913628502724859,4.21857598548994e-05,0.822663945902075,153,6.82004203254044e-05,0.652009626525336,212,6.23827650558482e-05,0.596031954532244,365
"1548","PTPRCAP",1.46650167984888,0.226690643836987,0.000903083658247987,0.0742443010091514,153,6.37899871593392e-05,0.889927259932818,212,0.000384570009860171,0.260747922136192,365
"1549","AC104530.1",0.0477989877821019,0.82706198507412,4.46389269486556e-05,0.77812605250285,153,8.90780804876162e-05,0.489976638577054,212,7.31017177198027e-05,0.463483890946808,365
"1550","HINFP",0.519386237760287,0.471570024760167,-6.83929185585936e-05,0.752311587230081,153,-0.000265115560887282,0.121550007700928,212,-0.000187219198338058,0.162704760771622,365
"1551","GBP4",2.20109429486199,0.138785330347446,0.00118000135936874,0.0909717458672956,153,0.00244658082296859,5.05315218520145e-06,212,0.0019050641020716,8.06618283041184e-06,365
"1552","NAA30",3.64638336610045,0.0569835127015219,-0.000406560357952472,0.054738017056066,153,0.000140557103282363,0.458026409063883,212,-8.04921606510165e-05,0.568661556206794,365
"1553","MOSPD2",2.36437489924203,0.125009628175673,0.000194176999681758,0.459740363976822,153,-0.000397641884511587,0.134159037917606,212,-0.000149039600511427,0.431753357149741,365
"1554","MAFK",0.0451951213620889,0.831765637176703,-0.000135077149769081,0.626174621877719,153,-6.37667859085775e-05,0.753074187256761,212,-8.22823141400766e-05,0.618131745506166,365
"1555","TBC1D25",0.30794678439401,0.579286526203698,-6.37929013582996e-05,0.710076949587631,153,6.47462438622187e-05,0.670581989561274,212,1.74846144743758e-05,0.877888622677131,365
"1556","TMEM38B",1.00710187173211,0.316270326883881,9.66145183847946e-06,0.949971696931698,153,-0.000222663082807118,0.167918522349394,212,-0.00013433074970811,0.238965318411101,365
"1557","CEP290",0.00155141681469784,0.968602797325007,0.000171833607606069,0.590269796133392,153,0.000188656676421259,0.499369068635155,212,0.000172514061690305,0.410940823246872,365
"1558","SNX22",0.861678616744413,0.353889600084574,-8.09841253221303e-05,0.846041461361402,153,-0.000607460026101706,0.10570843063683,212,-0.000408049337793497,0.144327412999538,365
"1559","DTD2",0.0269452866716373,0.86970477382502,0.00021907695001251,0.239542050216252,153,0.000176825555721245,0.303810703412827,212,0.000193078114061623,0.126556515693692,365
"1560","HACL1",0.0148801275616929,0.902979462761131,-4.13733255313692e-06,0.985813133237712,153,3.55822674760331e-05,0.870670728615687,212,1.96134309809746e-05,0.902194033654456,365
"1561","KIAA0513",0.0855754501662852,0.770047330650559,0.000195555572916646,0.395665759548828,153,9.06826661717486e-05,0.720503380870266,212,0.000128786091387617,0.464111100430603,365
"1562","GLMP",0.467243389455888,0.494696571089119,0.000111394432311053,0.709754343058139,153,-0.000135617385728915,0.533931129060886,212,-2.19425119884911e-05,0.901925119417708,365
"1563","LINS1",0.474745019474864,0.49125489184439,-7.29216114816741e-05,0.716864696600865,153,-0.000301473836914142,0.209082054250677,212,-0.000220987718294396,0.177300821792751,365
"1564","VKORC1L1",0.364459399657846,0.546419118942515,0.000119504407635302,0.537221798834888,153,-4.54981722243666e-05,0.805089325443052,212,1.61454873876067e-05,0.904275543291448,365
"1565","RRAGB",0.00868037625740015,0.925821353942681,-4.37638226963433e-05,0.811064435010835,153,-2.0523360631426e-05,0.900913844935732,212,-2.71408533129587e-05,0.824417300246747,365
"1566","RAB2B",3.27598419314621,0.0711321954509966,-0.000441823675408906,0.0301572379307577,153,-2.47994313323769e-05,0.849515052835953,212,-0.000187737297790074,0.0998406991023267,365
"1567","THSD8",1.79426553422183,0.181249979068252,-6.46644508129761e-05,0.656972292472543,153,0.000197437021097939,0.124611430935422,212,9.38734452343059e-05,0.329757427238423,365
"1568","SLC16A6",0.840979436922049,0.35972903276477,0.000103139743524501,0.630823307508474,153,-0.000207876048752932,0.388951838076721,212,-9.01797976391986e-05,0.589028408800135,365
"1569","ARHGAP19",0.11699734462005,0.732513248953549,0.000397619971666454,0.070780214493193,153,0.00030755155192861,0.0529983789432268,212,0.000346775311312216,0.00753238915770825,365
"1570","ZNF551",0.00272991562810451,0.958359512274245,-0.000161149135018781,0.363867595493611,153,-0.000174770414203012,0.331010233334664,212,-0.000170278235648037,0.183231385197299,365
"1571","HUS1",2.76236126915076,0.0973737412253838,0.0002301705530321,0.2428698659974,153,-0.000365705449861823,0.171707553767135,212,-0.000137987399370283,0.437460832174364,365
"1572","NPIPB5",0.639756404028362,0.424325019393982,-0.000352820728294221,0.312641256547405,153,0.000103173786805959,0.801488603163141,212,-9.90295125815994e-05,0.724070534256726,365
"1573","PTER",1.31608789859342,0.252055096727398,-0.000101982074310981,0.682903131576894,153,0.000253422757736732,0.186502824200334,212,0.000106952845216058,0.482188744540255,365
"1574","CBWD2",0.0721383256314997,0.788401870206802,0.000405323501943846,0.065609437519173,153,0.000322342198388025,0.122883064758296,212,0.00036162175701762,0.0175111791110368,365
"1575","TRMT13",1.39591998067548,0.238185630056116,-0.00013601686180054,0.608887998753737,153,0.000264395762583321,0.217564144251399,212,9.78339569854507e-05,0.556856144638031,365
"1576","STRBP",4.50168206965334,0.0345422787308497,-0.000431136695909002,0.0480083546009733,153,0.00013344382733675,0.413233174725539,212,-0.000103483067791062,0.43154893205198,365
"1577","PRKCE",0.970414867444796,0.32523649762955,-0.000105414731227185,0.57109281545654,153,0.000144106212265432,0.389490649584819,212,3.78542801977154e-05,0.761017794383115,365
"1578","PKD2",0.00934636230982959,0.923036882192039,3.19001501149361e-05,0.852958945676555,153,5.561819813978e-05,0.738130945332214,212,4.01350052996885e-05,0.739099398455837,365
"1579","HENMT1",0.0101034106602861,0.919990699600749,8.40930984179094e-06,0.965536331627234,153,-1.81500342661788e-05,0.917021446145733,212,-3.42564261015805e-06,0.978915018935907,365
"1580","PFKFB3",0.0116597624067667,0.91407124442995,-0.000926699209565516,0.26039098143985,153,-0.00081879604900844,0.177986569916824,212,-0.00085294071705232,0.0823599141997109,365
"1581","RIDA",0.93303198063503,0.33472294183877,0.000227767019659857,0.202965278877385,153,3.88729064137922e-06,0.979099488104511,212,9.32445415465687e-05,0.41271952004664,365
"1582","ANKMY1",0.109293536505905,0.741141659328541,0.000196034478961358,0.358105419575908,153,0.000100208413075448,0.600650074816701,212,0.000133837102718976,0.347186010736461,365
"1583","SNAPC3",0.0230057069478379,0.879526959211342,8.64278660206786e-05,0.650466670289632,153,4.69194289024275e-05,0.785503727652549,212,5.50152718441514e-05,0.667687332885305,365
"1584","AC093484.3",2.75314091786781,0.0979320381377638,6.92742205741615e-05,0.894366367901274,153,-0.00109541409852194,0.0180498241174427,212,-0.000641491172668175,0.0648069577178537,365
"1585","RFT1",2.10499861061177,0.147686832344817,0.000131615414442874,0.399507146530963,153,-0.000209928317620405,0.201636866280773,212,-7.21459604096452e-05,0.533170900450834,365
"1586","CGAS",0.0299796383384927,0.862633478830739,7.66334479749612e-05,0.723909595793335,153,0.000127977156014174,0.514733201303767,212,9.92818371338315e-05,0.49579717693374,365
"1587","TEX10",0.0216834550002224,0.883014508228564,-9.30410586772279e-05,0.666306597573101,153,-0.000136844351596015,0.489702014294598,212,-0.000126805306616265,0.385949729705573,365
"1588","FUT4",2.96199849880375,0.0860993059868714,-0.000112935912496287,0.54037070498467,153,0.000344392675275444,0.0584397785627629,212,0.000150792282423108,0.250475552623982,365
"1589","FAAH",1.61354971352923,0.204811620346895,1.27348417958734e-06,0.994357168917334,153,-0.000309219909691948,0.0560572953541458,212,-0.000181206622419681,0.131907371923571,365
"1590","SFMBT2",0.190006120341357,0.663172060958878,-0.000137735154052021,0.514935578094849,153,-0.000275036821924455,0.208609280950957,212,-0.000223771325841853,0.148264154447645,365
"1591","POLR2J3",0.206935738192056,0.649453254903555,2.87316346838408e-05,0.910128403008037,153,0.000183231877095016,0.40841087462904,212,0.000123902549163653,0.457201139512031,365
"1592","SLC26A2",0.425924435962159,0.514410937049336,7.94560119942761e-05,0.770849125202823,153,0.000304416990394723,0.160006166310728,212,0.00021995424871549,0.19450260372531,365
"1593","EHBP1",0.504217030972405,0.478111461516296,3.46689356990765e-05,0.860358740194984,153,-0.000151040037159706,0.374531950548789,212,-6.88261488580933e-05,0.592472114899387,365
"1594","DHDDS",3.68631766622844,0.0556483488156102,3.19464609194042e-05,0.854435129162477,153,0.000459398723560801,0.0012783626124973,212,0.00028954626883015,0.00871268786232487,365
"1595","LANCL2",4.14991606655328,0.0423655839251201,-4.97474976584134e-05,0.763461751312165,153,0.00043582483546677,0.00786075615208765,212,0.00024079438853275,0.0411501863451136,365
"1596","TMEM161B",0.418811318048071,0.517942059043277,2.72261610192138e-06,0.988847661761383,153,-0.000178529613214848,0.349815549660154,212,-0.0001115364291694,0.418076114910742,365
"1597","PGGHG",0.145187104993512,0.703401967787176,-0.00217290188557502,0.00520841243667923,153,-0.00182043972298176,0.00123947269696429,212,-0.00193863329505732,2.54535712576827e-05,365
"1598","DHX32",0.0334515338886759,0.854981034316951,6.5221585315891e-06,0.972616681207182,153,-4.33054570042998e-05,0.815203855506045,212,-2.55304308566704e-05,0.848433607904917,365
"1599","SORBS3",0.332960259092406,0.564280810826457,0.000522853791097386,0.019267766386175,153,0.000356469596034952,0.0549898613900368,212,0.000426534524741775,0.00272352765576725,365
"1600","ZNF746",0.115518390294065,0.734144588410135,0.000203984486336758,0.265838190976324,153,0.000120551567922453,0.45331106912262,212,0.000147726058871372,0.221428953380489,365
"1601","CGRRF1",0.0400200551745727,0.84155401803695,-8.98357431539247e-05,0.642373287898058,153,-3.22540371567879e-05,0.871497880205859,212,-6.36437000244204e-05,0.652871635269221,365
"1602","CMPK2",0.307685972142739,0.579447143892468,8.73668446024905e-06,0.981718425252724,153,-0.000312285455933313,0.440410095532398,212,-0.000216082070593637,0.452632308577763,365
"1603","RAB33B",1.46246064046911,0.227330403570904,0.000127076458419494,0.450720542754114,153,-0.000147575471009299,0.32301737646306,212,-3.81874040495964e-05,0.732244597957795,365
"1604","OAS3",0.131361437470519,0.717236697251874,0.000489376418154373,0.303321933169777,153,0.000741876386465083,0.122824678470311,212,0.000596295273178793,0.0856556920080685,365
"1605","TRIM39",0.302732434834423,0.582514749360628,4.49889961085703e-05,0.800579618393864,153,0.000173781337085673,0.250841358745038,212,0.000120733376219881,0.293230934937241,365
"1606","VWA8",1.2669399295331,0.261089286039066,-0.000107246056883407,0.483452019623714,153,0.000136989994552383,0.351081274403497,212,2.98395141799808e-05,0.780353548149869,365
"1607","SMIM3",0.109834788534149,0.740524608272939,-0.000226253486319313,0.275096016015032,153,-0.000325148623598755,0.111269232898253,212,-0.000286980338844197,0.050435708470237,365
"1608","PIAS3",0.684606655426779,0.408551539811116,8.78928650903734e-06,0.959227737173933,153,0.000208219046541816,0.199402409828456,212,0.00012203391185666,0.303120838589974,365
"1609","PM20D2",0.0731481014230694,0.786961669183194,-0.00014908036932721,0.561775415964129,153,-5.35714031313555e-05,0.819411176528231,212,-0.000100757448345406,0.561397275947683,365
"1610","RNF123",0.497331445470826,0.481129782534645,-5.97194614724778e-06,0.981175179660422,153,0.000191951512452184,0.21294967725887,212,0.000115925227404477,0.400452499944079,365
"1611","TOR1B",0.000351630020391553,0.985049464273889,-0.000275748019562191,0.276595779926777,153,-0.000281525820164203,0.133856281933932,212,-0.000284389436539312,0.0605838286441882,365
"1612","TPT1.AS1",1.5560772824716,0.213049122838204,-0.000228042792288863,0.139655906267115,153,-0.000498257307245201,0.00075437217793707,212,-0.000387347358591583,0.000308893536999298,365
"1613","MCM9",0.00899578779758675,0.92448967109687,-2.59557801355908e-05,0.902400837305715,153,-5.28787426078565e-05,0.77586280978964,212,-3.98340720998814e-05,0.774701115106314,365
"1614","ZNF468",0.930334991724933,0.335421564885468,-8.05328166382732e-05,0.764013638821056,153,0.000245767206099523,0.246671604696625,212,0.000118115156241508,0.477423624329376,365
"1615","RITA1",2.07931800946877,0.150173829251662,0.000338142006358369,0.0816380897360002,153,-1.96716559444367e-05,0.900625927278851,212,0.000128867163235337,0.291269454841975,365
"1616","FSCN1",0.212058552132025,0.645435960162735,-9.97547912471615e-05,0.705063013176515,153,6.52148366978785e-05,0.782665935048179,212,-1.9084592040787e-05,0.914183158793114,365
"1617","CPT2",0.752843983314092,0.38615369471675,-0.000137662627960128,0.624542166767248,153,0.000152004478554307,0.443132383806518,212,4.03781848901991e-05,0.805581295403454,365
"1618","ITM2A",0.0215765539671104,0.883301159238818,-0.000321891936521971,0.322863818234306,153,-0.000391489984762676,0.229062632935096,212,-0.000380680920201918,0.103566551398704,365
"1619","RFXAP",1.20921739307439,0.272219941039927,5.91800077539505e-06,0.974979224674209,153,-0.00029084469317388,0.113641738351259,212,-0.000177737620633797,0.181759608690072,365
"1620","SLC26A6",0.0409368690498559,0.83977380491577,-0.000340466123196709,0.161946282483148,153,-0.000279373281371566,0.136176790497378,212,-0.000312519642939555,0.035784456422309,365
"1621","TADA1",0.739773700777725,0.390304209159527,0.000120316612922238,0.496478673087116,153,-7.91054012101388e-05,0.596681851516261,212,6.10448430427572e-07,0.995719357246256,365
"1622","MECR",0.310211488783825,0.577895567987221,3.34868556893874e-05,0.841659658596786,153,0.000159699879168756,0.284499774690769,212,0.000115113785994161,0.302264542593112,365
"1623","RNF217",2.56164599087257,0.110359258327763,-0.000139259896245487,0.47214276059547,153,0.000264396530391217,0.103397325683869,212,0.000100850442083818,0.416498545772209,365
"1624","ZNF445",0.166880657126112,0.683141287246309,-0.000263024868945668,0.229342026744296,153,-0.000142317553927473,0.464520245623736,212,-0.000189890727881427,0.190488909107364,365
"1625","PDK1",0.185613690926088,0.666849780070403,1.33089659581514e-05,0.944280232321583,153,-0.000101016821406051,0.569832812434868,212,-5.68289505973393e-05,0.662391275707525,365
"1626","POLR1A",1.30313408487049,0.254398186284112,-0.000191717342614283,0.297951170512441,153,0.000100511694459789,0.557582739203075,212,-2.35265161711532e-05,0.851717338751231,365
"1627","CCSAP",0.0562122366558867,0.812720525537295,-7.46753366681089e-05,0.737804566708288,153,1.36608098000995e-06,0.995010481406378,212,-4.50155419463642e-05,0.776477879979215,365
"1628","CREM",0.589599114056203,0.443076134572629,-0.000150844448610449,0.767584710906043,153,-0.000664703342525965,0.124320879596616,212,-0.000469111143046173,0.154271153057604,365
"1629","CD96",0.104372208914419,0.746831640365513,-0.000929739048388552,0.00604288616215467,153,-0.00109974635929299,0.00355027623359445,212,-0.00105681680272382,5.98004402272148e-05,365
"1630","CEP83",1.66928541473503,0.197180759431269,-0.000310330898830303,0.248789984488722,153,0.00012025713201557,0.559429338745439,212,-5.25604038947675e-05,0.748282661890196,365
"1631","ZNF282",1.92226471503908,0.16646285162863,-0.000212960438194177,0.216018817851964,153,9.20372758164319e-05,0.509358186435029,212,-3.61036083116882e-05,0.738680909264851,365
"1632","NHLRC2",0.512382261723294,0.474572147514944,-8.66965155707032e-05,0.667000467580506,153,0.000122928106862485,0.540137823210618,212,3.65997957228547e-05,0.798888221597512,365
"1633","PPARA",0.140850634417907,0.707657234483837,0.000180597445244232,0.391435072297426,153,8.55818874745407e-05,0.573834534542107,212,0.000119656955785762,0.335936650045156,365
"1634","ITK",0.00160732947791159,0.968042330080849,-0.00119284646296999,0.0101323829263188,153,-0.00121770473848111,0.00311288083694477,212,-0.00122864744723147,6.84541155999567e-05,365
"1635","CXorf21",0.103356212806962,0.748024685112905,0.000684979872942514,0.191843450038914,153,0.000916757163954426,0.0569681198630574,212,0.000793854245422547,0.0260229102942747,365
"1636","BCS1L",0.807394074992112,0.369490733837231,-0.00015635251130446,0.347038762292758,153,3.85882916838485e-05,0.782050618907251,212,-4.04714219467015e-05,0.703850721712171,365
"1637","ADPRM",0.74861364661498,0.387490114518804,-7.90883011861945e-05,0.625338835581265,153,-0.000319221182461089,0.116891126434411,212,-0.000228752934325842,0.0945304386856176,365
"1638","BCL2A1",0.44006172741683,0.507516046152754,0.000425815980722034,0.274884503422834,153,0.000805761640902245,0.0421726681183315,212,0.000633485671856887,0.0250920478450927,365
"1639","EDC3",0.0098651176476386,0.920936710928773,2.67055526823328e-05,0.873477909940561,153,5.02561195756153e-05,0.753556055003431,212,3.78824801707433e-05,0.744598097447518,365
"1640","PIGH",0.111866282565874,0.738223553190575,0.000206838416757795,0.289534978836979,153,0.000301696137573621,0.121594552088912,212,0.000258497261197543,0.0638574128551717,365
"1641","PLEKHM3",3.35340545626831,0.0678901344078031,-0.000118896811295937,0.529704968575176,153,0.000378186291337633,0.0416418617790561,212,0.000171468406166849,0.200370319094929,365
"1642","TMEM185B",0.583620835574085,0.445395573428742,-2.2635629143382e-05,0.910071527481267,153,0.000179497869682543,0.295383469301123,212,9.19617339221661e-05,0.479343450922231,365
"1643","GPD1L",0.0078080575691054,0.929636995573738,8.19496667680124e-05,0.646627598245809,153,0.00010147477121815,0.45623272807496,212,9.34535219365381e-05,0.388448600328667,365
"1644","CCDC28B",0.458019938226835,0.498984223394987,-0.000152529318185375,0.521633456335309,153,6.75720235476155e-05,0.753718404403052,212,-2.88838774403901e-05,0.856520490976961,365
"1645","RYR1",1.32935918437267,0.249682105632623,4.35240112566116e-05,0.812458430586078,153,0.000328292451459682,0.0437229389281442,212,0.000217414133677157,0.0741745200231578,365
"1646","AARS2",1.68396137258596,0.195227483060749,-0.000149673118099522,0.46990732969172,153,0.000182649813023254,0.247958608467401,212,4.8425221554893e-05,0.700377463132642,365
"1647","IMMP1L",0.30511625064081,0.581034451930407,0.000178222307810223,0.347499808568697,153,0.000316040954917065,0.0510989612187298,212,0.000261618327667028,0.0330672731824666,365
"1648","CDADC1",1.0264374607513,0.311675425069941,-8.01220696225752e-06,0.969168385892412,153,-0.000295705517122971,0.11728312752903,212,-0.000184552514772835,0.186813720966657,365
"1649","TMEM106A",0.0174107694453963,0.8950974488462,9.56348764394429e-05,0.775643092235145,153,0.000154686952307961,0.59610132339909,212,0.000132677494491203,0.545419989210001,365
"1650","DBF4",1.22806540043738,0.268521373800814,0.000305823349938096,0.224407477555933,153,-9.65617404202676e-05,0.697076457884656,212,5.96524236329574e-05,0.738405749410855,365
"1651","TSPYL4",0.0175043863507457,0.894817440668228,-7.95995501228112e-05,0.68295213709928,153,-4.33545244392257e-05,0.814096515957563,212,-6.12833744134608e-05,0.648315259678973,365
"1652","PLCG1",0.660319937371365,0.416982564267645,-0.00125330738652152,0.000773923169680481,153,-0.000844768018082245,0.0120469854555696,212,-0.00101323766555342,4.88045601622374e-05,365
"1653","ZNF846",2.19563614182704,0.139274394446275,-0.000107090181429095,0.55792525890263,153,0.0002419828075315,0.107840569913236,212,9.49961361517245e-05,0.412915430685425,365
"1654","PEMT",0.0910859937756041,0.762974839593673,9.09544307664434e-05,0.596877861958858,153,0.000156303944053341,0.249200254369759,212,0.000134961257842938,0.205076372417607,365
"1655","RRAS",0.28289238410962,0.595138836265651,4.01209430734794e-05,0.868677029184992,153,0.000200829737663683,0.284057759332255,212,0.000124658024287977,0.402477972078847,365
"1656","HIBCH",0.789005702166581,0.374992399437643,-0.000190810803791446,0.404197688375886,153,7.02422761088757e-05,0.706938190405572,212,-4.3458409090909e-05,0.763647424019162,365
"1657","GTPBP2",0.0287664093239333,0.865414509044076,-0.0001134303203727,0.669071446507937,153,-6.05301517192622e-05,0.741097346391407,212,-7.77839229500127e-05,0.611221748306054,365
"1658","ADPRH",0.173313985064408,0.677430600780516,0.000170145418056408,0.40301005539638,153,0.000285301591811367,0.119365556510839,212,0.000227576283374647,0.0957752490884179,365
"1659","LTBP4",0.0418652183964588,0.837992215567217,-8.0827390224549e-05,0.680409802058552,153,-0.000134973013055385,0.437643074864729,212,-0.000106193990300161,0.414281901853345,365
"1660","PAQR8",0.149470104157124,0.699270043376723,0.000401978405549281,0.159437032292694,153,0.000245168749459155,0.372877791475773,212,0.000309936781950631,0.11968508360225,365
"1661","KBTBD3",0.251311991984442,0.616458327991444,-0.00021417651736876,0.198172115716828,153,-9.8152016499657e-05,0.526836071602106,212,-0.0001480053804076,0.192855078359302,365
"1662","NSUN6",0.195234070468757,0.658860150271418,0.000216743791179874,0.438986332455291,153,7.55395824414853e-05,0.677821506515465,212,0.000125359950013473,0.424886987045885,365
"1663","HSPA1A",1.3331262788397,0.249013539788208,-0.000852142274949509,0.249564022899472,153,0.000387717915135965,0.598239313096409,212,-0.000139397947441429,0.791793450716771,365
"1664","CHIC2",0.000668237821060919,0.979391027980637,-4.85276154679285e-05,0.798337759928917,153,-5.49914098988508e-05,0.733665145449661,212,-5.6411812470518e-05,0.645683616287337,365
"1665","GZMA",4.61729531333567,0.0323156495098871,0.00256200025509387,0.000231477317517013,153,0.0005824225809869,0.337398403605735,212,0.00137544928736717,0.00265670920866938,365
"1666","AASDH",0.541502331347981,0.462288630649663,-5.28672154755544e-05,0.803249726763,153,0.000140770894037108,0.386736612027167,212,6.56983618935865e-05,0.611123106960954,365
"1667","UQCRHL",1.54829215143844,0.214195012365766,0.00131410150925794,0.00533402364243432,153,0.000562583540843781,0.146275709764824,212,0.000883693543321626,0.00312856378237568,365
"1668","XPO4",0.00205405591705792,0.96387595568902,0.00014955582169601,0.412060035611101,153,0.0001383841346683,0.393990062461081,212,0.000136231154323349,0.261233080186263,365
"1669","SLC11A1",0.933504414680999,0.334600764261242,-0.00186301615923386,0.0300488079743947,153,-0.0030873869343526,0.000524479530454836,212,-0.00261395770804297,3.37562945294881e-05,365
"1670","CIAO3",0.0145441308637594,0.904075714307272,1.20343435146826e-05,0.955792209857247,153,-2.35256039502487e-05,0.903706254325256,212,-1.04993769455927e-05,0.942092836940243,365
"1671","WDR92",0.134578624365988,0.71394614580638,0.000240387661734449,0.29605923936041,153,0.000346710230490763,0.0572406815769746,212,0.000304780862012468,0.0325055137319777,365
"1672","BAG4",0.0428964279355082,0.836037192102864,0.000121199744011958,0.629153857979546,153,0.000192745536085652,0.401798763586544,212,0.000160146229416467,0.344722315760114,365
"1673","TTC39B",3.43512450456414,0.0646394762498061,-0.000404955790709364,0.050181772813467,153,8.17999213560044e-05,0.622572381208477,212,-0.000114943326272862,0.374517610641894,365
"1674","SLC17A5",0.0603453173763641,0.806090580881659,0.000163685777687591,0.364301166039957,153,0.00022597529875917,0.186540859663812,212,0.000202183483885981,0.104494004618207,365
"1675","TBC1D4",0.142689614980812,0.705843672541171,-0.000495505091957363,0.0691682240625639,153,-0.00033945724982274,0.241236007302656,212,-0.000418503232960216,0.0403626790117638,365
"1676","ALKBH4",0.186468023969458,0.666130442173912,-6.53787425286542e-06,0.972676628528923,153,-0.000124550669084966,0.502678543197312,212,-8.18907444432092e-05,0.54179537423075,365
"1677","CROCC",0.0263911798215588,0.871039539131859,-0.000310057367263245,0.175055996906867,153,-0.000257945715288823,0.233151402096034,212,-0.000282500640215058,0.0731270146790715,365
"1678","TOMM40L",2.63882747809374e-05,0.995904160901189,0.000437575722616446,0.0185959153683831,153,0.000436115229207386,0.0302429984273776,212,0.000430199531851658,0.00220431503348077,365
"1679","IL11RA",0.53820325626584,0.463654471520025,-0.000453310943111609,0.0466206079653632,153,-0.000214829437117506,0.332147213908898,212,-0.000312585671456185,0.0505569246453763,365
"1680","TIMM21",0.23644437536137,0.627081094386684,-0.00017816350967163,0.371136525424439,153,-5.4062986520258e-05,0.738456333296414,212,-0.000109477083860483,0.382495137699919,365
"1681","L3MBTL3",1.45146326281448,0.229082521130685,-4.8694721189838e-05,0.81964835107442,153,0.000273052799380622,0.10119451304729,212,0.000135875790482609,0.301420977840933,365
"1682","RHOH",0.0729771413736207,0.787204748893879,-0.000989630273904692,0.0307216902452786,153,-0.00116628076513182,0.00940983065781635,212,-0.00111669838236055,0.000581369181753534,365
"1683","C1orf131",0.133254625452974,0.715294880009825,0.000502960267661833,0.100614616932014,153,0.000362625035703742,0.132796348258844,212,0.000413489993431489,0.028924849722081,365
"1684","CD300C",0.000359875285710882,0.984875215513437,0.00042610492723612,0.200675771001036,153,0.000434969815398749,0.167767806938524,212,0.000427440745356374,0.0627076539194454,365
"1685","KLHL28",0.287575578068995,0.592108642107288,-0.000110776763318583,0.609436277925423,153,-0.000268291725810168,0.166418885092988,212,-0.000204144922343975,0.156932580817535,365
"1686","SRRD",2.54604684037654,0.111445624507822,0.000323239014948174,0.177141023237521,153,-0.000152418401239352,0.410622435612639,212,3.95926703139162e-05,0.787193340906616,365
"1687","SIRT5",0.576124685223139,0.448330649585499,-0.000102387031162714,0.583439586387159,153,-0.000274954188046331,0.0477035973598047,212,-0.000203820406551877,0.0682495896442668,365
"1688","PTGER2",0.368243887899017,0.544344505921184,0.000710955507893509,0.00184464949104508,153,0.000526702777490272,0.00887550293747774,212,0.000589275120490797,9.97610497900234e-05,365
"1689","RWDD2B",0.0798673013393624,0.777639286670518,0.000200867466217206,0.312929365492436,153,0.000129089361496281,0.422052647992161,212,0.000165836299735571,0.184787855044206,365
"1690","OXNAD1",0.000188994007875415,0.989039014485208,-0.000642565011527255,0.00697597130694524,153,-0.000647527878171305,0.0112467743233709,212,-0.000664999989673571,0.000230176714446383,365
"1691","MED11",0.00261197431029113,0.959268143664995,0.000193419031840692,0.459023335714823,153,0.000175548934657027,0.44286092577738,212,0.00018324642975135,0.28534752282953,365
"1692","CUL9",0.377454529582482,0.539355686768962,-6.11589738218799e-05,0.804048506822839,153,-0.000258772908947038,0.211211932373545,212,-0.000174885209399979,0.268131676493833,365
"1693","VAMP1",1.12466045478462,0.289626142958319,-0.000360612260742739,0.109238454428934,153,-4.01976803634503e-05,0.839349205448685,212,-0.00017377245157695,0.241939442494621,365
"1694","CSTF1",0.00021833880838849,0.988218816394547,5.61905250302555e-06,0.981468496793817,153,9.67318161914064e-07,0.996175338803891,212,5.2363082773894e-06,0.972934249546087,365
"1695","KIAA0586",0.151388678054188,0.697441206597203,-0.00024326157270058,0.232044779712427,153,-0.00012197704908405,0.577559509538637,212,-0.00017103286861799,0.263468644473873,365
"1696","CDC42BPB",9.2101751612627e-05,0.992348147957584,8.48563299538659e-05,0.746548787341356,153,8.14836235156336e-05,0.72276902483141,212,8.39593516874021e-05,0.626029210554656,365
"1697","AL591895.1",0.027108273021672,0.869314850634377,-0.000370322309344864,0.0954841532764636,153,-0.00032422599934129,0.0662794569272531,212,-0.000344236160085966,0.012507304981291,365
"1698","INTS4",0.263285845712037,0.608185522404766,-0.000141023106665048,0.474967764433603,153,7.57655949365642e-06,0.969679019859471,212,-5.53281643159096e-05,0.696895837821056,365
"1699","ASCC1",2.69087320881563,0.101795483133142,-0.000534979820027294,0.00733460065361409,153,-2.35423183935851e-05,0.915415325246926,212,-0.000237809555089872,0.12206775842023,365
"1700","IER5L",0.993577664509014,0.319537189141006,-0.000278954755340343,0.349499400433983,153,-0.000683362902931592,0.0114210386289869,212,-0.000525739726300363,0.00868274850778786,365
"1701","PCYT2",0.680117462776908,0.410090855947491,0.000232261601608059,0.240541848195518,153,1.41127597259233e-05,0.934960270739841,212,0.000104630943159794,0.42035675433253,365
"1702","ZAP70",1.53539752378759,0.216109182750217,-0.000120125535094391,0.847859366684949,153,-0.00107582532262623,0.0239359541921485,212,-0.000666293285316626,0.0799409591950127,365
"1703","IFT80",0.203880675906237,0.651877682822607,2.37081109387678e-05,0.908517065118402,153,0.000139620881743332,0.380179295339654,212,9.62104691801926e-05,0.445192242322406,365
"1704","PNPLA4",0.00857210663374499,0.926284085320542,-0.000197824313206638,0.286313958643735,153,-0.000223166092498893,0.238432058980619,212,-0.000256430858577348,0.080292000402769,365
"1705","HELB",0.025236712439547,0.873867482098216,-0.000241124158102348,0.362876672806397,153,-0.000184108745325954,0.436557871692333,212,-0.000216641708837487,0.219756036681516,365
"1706","ZNF211",0.359511138532402,0.549153993304988,-0.000312601387124738,0.100353603181163,153,-0.000155486759063439,0.373990268196012,212,-0.00021500066166421,0.0953123119254503,365
"1707","SLC10A3",1.89511761082476,0.16947901106135,8.26899381081994e-05,0.70818018148422,153,0.000458543243850946,0.0068575328919043,212,0.00030415457218354,0.0238919264034273,365
"1708","SULT1A1",0.46771305974285,0.494479903091552,-0.00260528194430433,0.106687270723248,153,-0.00131923633064607,0.230499476920847,212,-0.00181249505583269,0.0502400787272949,365
"1709","EEF2K",0.0371990408702214,0.847168825936404,6.66566876202442e-05,0.715057278932415,153,0.000115715094636857,0.497091866224608,212,9.30274152563914e-05,0.455937770250056,365
"1710","ZBTB20",0.130425862477094,0.7182021535473,5.77946904173884e-05,0.810315387027391,153,-5.54870871222672e-05,0.78276393037372,212,-1.8683289147388e-05,0.903620434159015,365
"1711","PEX13",0.913347866436434,0.339867221052856,-0.000105448440590092,0.558695410158373,153,0.000129240861953973,0.426111611661395,212,2.62245090746118e-05,0.828279879688662,365
"1712","SLC2A9",0.340384591113922,0.55997162306545,-2.19034451618677e-05,0.90581982871901,153,-0.000155310691347752,0.270388602420559,212,-8.7329124640588e-05,0.44213431312869,365
"1713","DEPTOR",0.331189512702116,0.565318034658213,0.000134667325781077,0.589121614861439,153,-7.23738216274792e-05,0.76819313610052,212,1.76735472698291e-06,0.992031655600439,365
"1714","FBLN2",2.20466545606577,0.138466391996215,-0.000316556999039292,0.210247325828615,153,0.000193307572972778,0.39465891666355,212,-4.93652892883155e-07,0.997681990379688,365
"1715","IL18R1",2.05379109833247,0.152693161289043,-0.000532075515682848,0.157773631444089,153,0.000153647513029374,0.611066288530975,212,-0.00012155098585908,0.60548810059294,365
"1716","DNAJC25",0.0603572203219455,0.806071840422004,-0.000243553621019851,0.324807315034237,153,-0.000321282208843557,0.11013561909121,212,-0.00029570409804934,0.0575272757876522,365
"1717","KCTD3",0.81558796699272,0.367075510660045,0.000182251005417847,0.286690618671507,153,-4.33904462729116e-05,0.800482923012348,212,4.90532249609883e-05,0.689113363963363,365
"1718","ZNF408",1.1787419612884,0.278336711930467,1.05068293094065e-05,0.948884603390304,153,-0.000223311556016371,0.109212519949307,212,-0.000120474768570603,0.256980601253331,365
"1719","UTP15",0.396325389882689,0.529391316768699,-0.000234504153402827,0.176788436631396,153,-0.00040340452685414,0.0339425142409018,212,-0.000339805700963518,0.0102554033234877,365
"1720","SHPRH",0.711235779031588,0.399592315489893,-3.4617239549337e-05,0.903068855619433,153,0.000272795098709409,0.238746110162527,212,0.000139446393240646,0.436521887290348,365
"1721","TTC4",0.0115078550774451,0.914630670086482,0.000157304469394647,0.385289844395903,153,0.000185383537128245,0.300475426664989,212,0.000168674756980126,0.189784946584651,365
"1722","CHAMP1",0.00100113029781124,0.974776116823392,0.000282237361436068,0.0793347306407099,153,0.000289905095009778,0.0877300446193318,212,0.000277260861339137,0.0207558541772427,365
"1723","FAM160B1",0.327572006857451,0.567448536639522,-0.000246463809467476,0.286971050845637,153,-7.08225114851507e-05,0.722645652745693,212,-0.000153143769826087,0.311311802551002,365
"1724","MFSD8",0.0005411704008312,0.981453283090205,4.00991259161992e-05,0.816992783411756,153,3.45437954974163e-05,0.827894913586153,212,3.77585882160136e-05,0.747036822789625,365
"1725","BTBD10",0.0778769680451929,0.780355163074351,-1.90100819410745e-05,0.943309516261837,153,7.42317568032205e-05,0.720781495358678,212,3.70994056902405e-05,0.820813791879275,365
"1726","ZNF433.AS1",0.376662771966383,0.539781222445644,0.000364915943675573,0.161437006523034,153,0.000134252642078912,0.601228534215498,212,0.000222943103663654,0.227267467952751,365
"1727","RMDN3",0.131210088120497,0.717392616222014,-0.000237777354110386,0.277008388373778,153,-0.000358627622778409,0.12622542962321,212,-0.000311119209559093,0.0577887609107313,365
"1728","ARL5B",0.30715735180519,0.579772960932889,-0.000440758919977352,0.267021351780065,153,-0.000149389589307807,0.661859040228753,212,-0.00026450146945136,0.305326370182653,365
"1729","NOD1",1.1846210059317,0.277143336338807,-0.000340694798653214,0.0682684506590723,153,-4.77610083635533e-05,0.795191884335529,212,-0.000164990409744165,0.212411607259416,365
"1730","NUDCD1",0.184749933153046,0.667579052301094,5.65298995998668e-05,0.782100303324859,153,-4.77945859966397e-05,0.740049177897088,212,-6.72825264516925e-06,0.954916295494753,365
"1731","TUBB6",0.373384219493913,0.541549885245977,0.000567613200712046,0.164842018403424,153,0.000251357735542144,0.440880404064284,212,0.000368215866892759,0.148277921176085,365
"1732","SCLY",0.0462058319905586,0.829923457317862,-0.000129017757141739,0.48234943308844,153,-8.10787377854155e-05,0.549145722309689,212,-9.59078559960685e-05,0.381360014593474,365
"1733","SOCS6",0.894068186873635,0.345009684787487,0.000121124974546685,0.576949994358722,153,-0.000145201771124476,0.420736772182632,212,-3.68544806958994e-05,0.78976843767179,365
"1734","GAS2L1",0.600463408469821,0.438908523821258,1.93904248281192e-05,0.934546490495352,153,0.000264366034487545,0.201588948533919,212,0.000161919317898468,0.296909939817251,365
"1735","DBNDD2",1.37685748323637,0.241410758075839,-0.000150054518325108,0.537695464632785,153,0.000210700534676022,0.275047884040659,212,7.13472311471427e-05,0.637414276073057,365
"1736","SLC38A7",0.0146052211778893,0.903875447534675,1.56042352848381e-05,0.942406830995967,153,-1.98840302032234e-05,0.918269066495211,212,-4.76152469276008e-06,0.973610001992811,365
"1737","PYGO2",0.250187115110547,0.617248120640571,0.000178430172890628,0.458232777538735,153,2.7446727191937e-05,0.884146113016999,212,8.31796223645618e-05,0.574736483269207,365
"1738","ZSCAN29",0.975960050034459,0.323859914200662,0.00016834587901778,0.571198562552728,153,0.000518441658970708,0.0147866386467653,212,0.000373702159611882,0.032227659341882,365
"1739","TMEM106B",0.439694219203261,0.507693255117964,-0.000287698154936969,0.148626219654331,153,-0.000119145940901761,0.459656557410412,212,-0.00019075775915393,0.126754065560627,365
"1740","INAFM1",0.397818316482867,0.528617213182672,2.65411032180866e-05,0.877460159938203,153,-0.000116392734840055,0.42709727813661,212,-5.87204452377138e-05,0.597326913507825,365
"1741","ERCC2",1.50763744939128,0.220299932622221,0.000146011859577328,0.445803104011126,153,-0.000190981260026065,0.30693507147079,212,-5.52013801532578e-05,0.682259084759308,365
"1742","OPRL1",1.05433631561607,0.305198018085458,-8.45522423400016e-05,0.633520850696954,153,0.000154718814854955,0.304301905585371,212,5.37951725975078e-05,0.638417316029971,365
"1743","DOHH",4.05243074236243,0.0448497154144702,-5.60062427080866e-06,0.969833719466876,153,0.000429481670027839,0.00413697028646246,212,0.00024796779491877,0.020532808542568,365
"1744","ZNF862",1.46888846885407,0.226313797196546,-0.000148728112298962,0.437069775584464,153,0.000145723928967869,0.341417660883762,212,2.03191764789386e-05,0.865009559098409,365
"1745","HSPA6",0.16626046009933,0.68369857296167,-0.000198565337980204,0.64917929349502,153,6.49558675462298e-05,0.884377916024873,212,-6.18436055445107e-05,0.845748701983157,365
"1746","TSPOAP1.AS1",0.510845611475541,0.475234957280236,-0.000215272437187365,0.360946445533431,153,-0.000435706248332771,0.029221768027649,212,-0.000343281068568613,0.0237727408967031,365
"1747","SLC5A6",0.118580940616216,0.730779207502474,-0.000312069783871014,0.0888182554314077,153,-0.000220964966918372,0.22282095950727,212,-0.000253859508877903,0.0511419146336308,365
"1748","PINX1",0.00634885117812574,0.936536173024408,-0.000108467461122835,0.600723807460782,153,-0.000129003471471275,0.41920657028985,212,-0.000121598369045401,0.336094702917553,365
"1749","TIPARP",1.09224685780429,0.296673205335348,0.000128964522383883,0.791846212406405,153,-0.000587937879352132,0.203288705722229,212,-0.00032221915544593,0.341685104729756,365
"1750","GPR89A",1.27232729648877,0.260079635407495,-0.000104353579214955,0.575349468450333,153,0.00014394095329589,0.269001591845134,212,4.95958973181126e-05,0.647622817428567,365
"1751","AP5S1",0.803246230947825,0.370721812819132,0.000143353337144351,0.418420101303662,153,-6.15687883350378e-05,0.672894109197908,212,2.0801571255156e-05,0.85293034856884,365
"1752","TIMM23B",0.000466917462486645,0.982772372487879,-2.63814559315209e-05,0.899623955864256,153,-3.23303280712434e-05,0.85579070740599,212,-2.28159008526313e-05,0.866060346507396,365
"1753","RNGTT",0.00384802736178871,0.95057130422434,0.000148961921010331,0.501071661560878,153,0.000129453040600005,0.54334947728118,212,0.000137837973772362,0.371483317711846,365
"1754","PLCB3",0.374882969165298,0.540740043053219,0.000232829773317925,0.251826668499022,153,6.88283185429418e-05,0.691658803713626,212,0.000135604091773666,0.302263652891741,365
"1755","OMA1",0.115885430826986,0.733738647045892,0.00014810316100127,0.523994964036102,153,4.3260933502646e-05,0.828748071668843,212,7.33815525640237e-05,0.629154935311559,365
"1756","POLR3F",0.254576490774206,0.614178736086403,-0.000268714434361561,0.261894877076728,153,-0.000130624549219626,0.403240212359182,212,-0.000186822341739547,0.164423928847935,365
"1757","HDGFL3",0.153928433731647,0.695040657138798,0.000106360042934918,0.619755772024314,153,3.57289043468796e-06,0.982161580245632,212,4.73561042792924e-05,0.712419070583514,365
"1758","USP42",0.241313956496627,0.623557223507829,0.000122335098266314,0.691586729605468,153,-6.99252698324707e-05,0.77649800276938,212,1.44408467949708e-06,0.994003114904836,365
"1759","TYSND1",0.748551610625705,0.387509761642642,0.000133487979628745,0.514082085815087,153,-0.000102371365763258,0.564673840632602,212,-1.1267900473231e-05,0.932955170554312,365
"1760","DBT",0.013700786474474,0.906885239290601,-2.69916551617579e-05,0.906839330923411,153,8.70571859156049e-06,0.964870886625452,212,-7.78524119938848e-06,0.958470243948717,365
"1761","AC004069.1",0.432990242714602,0.510944703814246,6.04586456850114e-05,0.782735270549361,153,-0.000124085406660487,0.484847299936941,212,-4.54471993944651e-05,0.741228305874041,365
"1762","C6orf136",0.542475619748661,0.461886907580358,2.32203284930909e-05,0.89572036405101,153,0.000189709910307503,0.184959617854175,212,0.000127955457412529,0.25025938312617,365
"1763","NFE2",1.7914719438183,0.181589267607134,0.00044271625187307,0.38912427400327,153,-0.000422958134222341,0.296397781900875,212,-5.8414091499645e-05,0.854319466907476,365
"1764","TMEM185A",0.26080642699465,0.609878815893318,-2.25711648072204e-05,0.928822037477409,153,-0.000172396026976804,0.311192447072602,212,-0.00011069021701294,0.441789446676505,365
"1765","DGKQ",0.436272187069627,0.509348465864509,-0.000125345741079741,0.654844134213554,153,0.0001301878576919,0.613414586889884,212,2.87198422870992e-05,0.879713148849751,365
"1766","AC135050.6",0.0207143001531902,0.885640291825172,-0.000170516851262852,0.40996398925849,153,-0.00013378228849794,0.394595940987477,212,-0.00014775685761855,0.238054312175485,365
"1767","THAP1",0.139122020331259,0.709374315879312,7.53071738047342e-05,0.73096027202908,153,0.000180503018353272,0.315031589935231,212,0.000138181825836315,0.317935341543649,365
"1768","POLA2",0.50609526598647,0.477293512090742,0.000192336446209551,0.261591759941615,153,0.000355086095881374,0.0182656575384977,212,0.000291471126172557,0.00976261664010157,365
"1769","SDE2",0.0953624378169225,0.757645648128112,9.53273314760457e-06,0.969578438420402,153,-9.01950314508694e-05,0.661473162871293,212,-5.37243723533373e-05,0.734520868533694,365
"1770","IL1R2",5.29036674025907,0.0220135151234586,-0.000691959256953984,0.252478200404009,153,0.00114099255951228,0.0279484968894452,212,0.000398782429712288,0.31124879222098,365
"1771","HACD3",4.95106862035371,0.0266919676992146,-0.00028160895253627,0.248624468735749,153,0.000396818905084728,0.0374765022226292,212,0.000115339932639501,0.443877717156388,365
"1772","RPS6KA2",0.179582352698859,0.67198479013696,0.000305413618548426,0.164275070394544,153,0.000182225344231712,0.335412148387612,212,0.000233366216681009,0.102174758196328,365
"1773","C2orf74",0.375860831107522,0.540212859571797,8.50404465776353e-05,0.78145757253039,153,-0.000188556978530407,0.537790426935084,212,-8.79337788821913e-05,0.688543628387205,365
"1774","ZNF513",0.420168710884089,0.517264941853937,0.000124064887918351,0.403706381234464,153,-7.28407931821223e-06,0.956670543653097,212,4.85898975035042e-05,0.625095340171412,365
"1775","THADA",0.0765676200634102,0.782162270175857,-7.50798357345645e-05,0.734692810142508,153,2.06135406741871e-05,0.932839739890835,212,-2.24979579229082e-05,0.894473791570178,365
"1776","ACADSB",0.222167271232728,0.637678225577167,-3.40873883316669e-05,0.878401653420811,153,-0.000152317523463067,0.278038008461329,212,-0.000103812179018354,0.398832962203861,365
"1777","MBIP",0.00112848992617612,0.973220266896434,-0.000205758279273071,0.267539940668801,153,-0.000215251069011839,0.277539640874288,212,-0.000216154200848167,0.119623219692733,365
"1778","PAFAH2",0.238153947810022,0.625838884664556,-0.000102690206952613,0.565394397890036,153,-0.00022094603462805,0.167561154823849,212,-0.000173589319720738,0.144612491658476,365
"1779","RABEPK",0.325708335808057,0.568552236508669,-0.000343128711618391,0.0326764451164994,153,-0.000216620643040607,0.144952709719996,212,-0.000262555488055865,0.0163987921901746,365
"1780","RHBDD1",0.254105370437304,0.614506582295855,0.000203593777616317,0.301881125519961,153,6.04869594423312e-05,0.754796016705208,212,0.000113243663826607,0.416806882539674,365
"1781","EXOC6",0.0279445500304194,0.867332849885301,4.76254398621461e-05,0.849690833269469,153,0.000106565657053775,0.653044030975046,212,7.08319917460894e-05,0.683166840623693,365
"1782","CYB561",0.340060123755729,0.560158627025832,6.43766675535256e-05,0.808407503108993,153,0.000259493825552102,0.216035076511236,212,0.000173332831829602,0.291816593257274,365
"1783","TMTC2",0.211189427036167,0.64611335526965,8.39847292671401e-05,0.704526412071569,153,0.000204655473932374,0.189312586955755,212,0.000158962438597475,0.217722673544212,365
"1784","VAC14",0.281174451174321,0.596258473651946,1.77059111901719e-06,0.992565505028148,153,-0.00013657990382494,0.430714511525778,212,-8.77743407560216e-05,0.494187325504129,365
"1785","SOCS5",1.4970194174544,0.221928558819663,-6.44862888804046e-05,0.713203903519456,153,-0.000410373636979112,0.0436626052365676,212,-0.000270066916976575,0.0523885273914171,365
"1786","IPO4",0.00865876690058975,0.925913476216625,1.85084990071435e-05,0.913679615016179,153,3.89591437166111e-05,0.780454074854003,212,3.54810155150269e-05,0.742345382121154,365
"1787","FAM120B",0.230276826851714,0.631609253543608,3.49559088824783e-06,0.988925319320691,153,0.000146719976784868,0.406842796956242,212,9.62302533100452e-05,0.512048921964008,365
"1788","FAM131A",2.34115552797674,0.126871830354138,-0.000400044648746668,0.00924043080973498,153,-7.09700286772501e-05,0.625232957496843,212,-0.000202144376699715,0.0567707242976972,365
"1789","LINC01619",1.5747040465863,0.210336959237785,-0.000306676414759123,0.437127549810544,153,-0.000918839167832491,0.0025021473792548,212,-0.000669371391061637,0.00546039832735457,365
"1790","FBXO22",0.0650957184472137,0.798761324682242,0.00015654914265012,0.473713017823176,153,8.21302733378269e-05,0.66619906428349,212,0.000112692975803776,0.430783847260596,365
"1791","PMS2",0.708068383043581,0.400642861796345,0.000206675750500291,0.478724494486796,153,-7.90293541584234e-05,0.689006280502051,212,4.26573536860589e-05,0.798061455546475,365
"1792","CAPRIN2",0.0185410713422175,0.891766266630709,-0.000434977820402855,0.0411961339782812,153,-0.000390880473175285,0.0864066767709496,212,-0.000414613367481481,0.0094095494066426,365
"1793","HSD17B7",0.23700215959115,0.626675188031689,-1.40985466904281e-05,0.938617364590734,153,-0.000138492593170974,0.419022852273163,212,-9.2242328017965e-05,0.462254759541027,365
"1794","NDUFAF6",3.7952261171285,0.0521735767842498,-0.000232107874487124,0.189336260063066,153,0.000243897344579033,0.135794275105434,212,5.09626747137938e-05,0.672141136378185,365
"1795","CD14",0.000111078536487777,0.991596768731023,-0.00114193757810322,0.250270315443883,153,-0.00112558926339299,0.306013124730339,212,-0.00119105151200766,0.119789359950723,365
"1796","SMC2",1.05721817903121,0.304538938137277,0.000259182599528642,0.22878005280878,153,0.000548600804525366,0.00275542726072111,212,0.000431146160855478,0.00193664149498205,365
"1797","AC020658.5",1.50991321117498,0.219952736720656,-0.000250363206279918,0.271541236605895,153,0.000112748627134963,0.551647185093939,212,-3.56263411810888e-05,0.806108464459966,365
"1798","NOXA1",3.15149690263602,0.0766998308345072,-0.000345871471760133,0.0982727956642209,153,0.00014809988928387,0.415141441426559,212,-4.99920068292462e-05,0.715335748401688,365
"1799","APBA3",0.633964137148845,0.426428236924589,-9.36057039851829e-05,0.614207919108079,153,-0.00028148923109024,0.059354529920981,212,-0.000203783612549257,0.0789953259056023,365
"1800","DNAAF5",1.61020065516245,0.205281150974245,-0.000244079716254837,0.224830971382159,153,8.23828414290043e-05,0.613737131148446,212,-4.82012874617284e-05,0.703055182577969,365
"1801","DHRS3",1.49082698164055,0.222885044885123,-2.98244835991749e-05,0.897424634843892,153,0.000333709147993285,0.0790537234328317,212,0.00018294376046197,0.211512579597289,365
"1802","RGP1",1.53325941581375,0.216428549513037,0.000474742909486566,0.0200200428773085,153,0.000124494685671518,0.512026187401932,212,0.00026924944503174,0.0532716735868323,365
"1803","DAB2",0.260248982752909,0.610260913868433,0.000408444367372399,0.143952088400787,153,0.000608702168023314,0.0222035277840958,212,0.000511398225434829,0.00856222205977232,365
"1804","NMRK1",1.79872759899696,0.180709576380046,0.000212970323003621,0.488679924798394,153,-0.000303141106518306,0.206523923233635,212,-9.3459160063317e-05,0.621186881585523,365
"1805","TMEM181",1.27936622078956,0.258767758579745,-0.00016147519880309,0.56206327612085,153,0.000258409186269442,0.286212487310185,212,8.91605848719723e-05,0.624830856529763,365
"1806","GDAP2",0.083859627108035,0.772299785347692,-0.000157073332788143,0.520540764888258,153,-5.63661534928603e-05,0.810933129992943,212,-0.000110828101076466,0.518018479661659,365
"1807","BISPR",0.33255640299033,0.564517047421931,0.000254984969965589,0.261789558047868,153,7.45652407156913e-05,0.720391577967367,212,0.000139391403940474,0.365268513608382,365
"1808","MANBAL",0.120841388737956,0.728326311486311,0.000308321367793067,0.112540184375894,153,0.000219626041280988,0.184275281075622,212,0.000259085487596835,0.039013124721665,365
"1809","DEPDC5",0.631037879934432,0.427496764787638,-0.000168439455343383,0.277684183606899,153,-1.69824529541191e-06,0.99019877409676,212,-6.96112719276354e-05,0.499159114268815,365
"1810","C11orf54",0.591004820828487,0.442533466209281,-4.54392333290304e-05,0.861176947497049,153,0.000213904089596775,0.322348570322996,212,0.000102668647162841,0.535470077744717,365
"1811","SDHAF3",0.0197852052924814,0.888217083067471,0.000131156999375153,0.528208728925935,153,9.11223201722107e-05,0.629195065060972,212,0.00011036040583454,0.4292789809413,365
"1812","FKBP14",0.0100369319546514,0.920253472935601,6.95533435348686e-05,0.731783297379045,153,9.79334411004438e-05,0.606152309323887,212,8.83632746586789e-05,0.524708176307631,365
"1813","SNAI3",0.78225696513697,0.37704044578646,9.54980776541472e-05,0.717281303832001,153,0.000450476589931804,0.109806898290882,212,0.000296187383886773,0.133958763692295,365
"1814","ATP6V0E2",0.0410785330118783,0.839500588192464,0.000112928957858919,0.603246018388953,153,0.000172289734750614,0.370704097524345,212,0.000149719396826229,0.297416908210702,365
"1815","SRD5A3",0.500744098837136,0.479629939328246,1.33394879604422e-05,0.929456363447194,153,0.000164213787448357,0.254808611971462,212,9.65456712645741e-05,0.357612867511651,365
"1816","ALG6",0.573316507710979,0.449437938073283,6.61978754627849e-05,0.757396812420436,153,-0.000124360457184348,0.400082264177661,212,-5.30998449629298e-05,0.667930890792158,365
"1817","ABCB8",0.00229256174901927,0.961837795899587,0.000209040514605509,0.386561001288135,153,0.000222835691056251,0.196022800025445,212,0.000212506560712083,0.133356728407676,365
"1818","UBASH3B",1.05739797502622,0.304497880162823,0.000179499601575412,0.4462323337592,153,-0.000155418471757449,0.474487591122301,212,-3.31512326909655e-05,0.836915088153951,365
"1819","NAIF1",0.80122938012569,0.371322487325977,0.000265626252737583,0.144846499157605,153,4.91209196434901e-05,0.755251512309288,212,0.000135606191993693,0.253751081255441,365
"1820","RAD51D",0.270510294372259,0.603308463435369,-1.31034258534977e-05,0.945630543793422,153,0.000114915558230144,0.461540271539466,212,6.29715205627251e-05,0.601901481758652,365
"1821","ZMYM3",0.618674155950293,0.432056428935597,1.3885900550856e-05,0.949250301637312,153,-0.000206131542618199,0.245921469545281,212,-0.000108930125683897,0.428675093902314,365
"1822","TRMO",0.605165780995233,0.437123339505551,0.000180178192819035,0.388388032073136,153,-3.5259671242559e-05,0.844673035497641,212,5.8071840987617e-05,0.669513839798513,365
"1823","TCAF1",0.46428492983622,0.496065051174115,6.87958672126547e-05,0.772386842641432,153,0.000281942762987814,0.163827051049821,212,0.00018462785226654,0.231143085138984,365
"1824","AC025164.1",0.130598815183307,0.718023382515677,-0.000147072492086056,0.618080894461355,153,-0.000274696534912834,0.194492285544384,212,-0.000225357390222065,0.193641762737297,365
"1825","CD38",0.208583634909232,0.64815448193715,-2.73463959945313e-05,0.935173856882362,153,-0.000217421229048097,0.397193538593846,212,-0.000152028509450992,0.457846477830889,365
"1826","ZNF354A",0.243725077527769,0.621828737116801,-2.11640471636797e-05,0.921252551750714,153,-0.000178871779076398,0.419816999836731,212,-0.000117224752816355,0.454501890098124,365
"1827","TGS1",0.198926851456835,0.655855843933544,0.000132643330754082,0.665478220491097,153,0.000302838851357453,0.20082098669772,212,0.000236385886694886,0.20701115021013,365
"1828","RPUSD1",0.153644579473081,0.695307813775884,0.00016983248562389,0.391298800245951,153,6.35764797982652e-05,0.723550345168914,212,9.73336619894109e-05,0.466172748312802,365
"1829","TPPP3",0.0324883918314629,0.85706108265899,0.00106821295402705,0.0113637151918033,153,0.00116059763375652,0.000271537392271599,212,0.00111230321071224,1.28575951049107e-05,365
"1830","TMEM159",3.50365434536589,0.0620419923495545,0.00024113911422302,0.148593338665575,153,-0.000205517907939395,0.206322458763825,212,-3.49780994887731e-05,0.768053425306068,365
"1831","EFHC1",0.376276372763895,0.539989119119495,-8.37684069566004e-05,0.614008351179952,153,5.94184573301661e-05,0.705288671249335,212,1.65123608636914e-06,0.988491386626339,365
"1832","AL022311.1",0.225301277403752,0.635316968720265,0.00305555793365928,0.000233382878985094,153,0.0025623356306618,0.00013029288339502,212,0.00278567739598205,8.72962859393051e-08,365
"1833","PEX11B",1.2531993091169,0.263686581525857,-0.000174906978022331,0.483935305143465,153,0.000200029799066885,0.361853314798922,212,4.31239597211499e-05,0.793242387643243,365
"1834","JMJD7",0.00529249122160966,0.942045739281894,1.69790863012702e-05,0.924196984366189,153,-1.59882731707188e-06,0.992647258604005,212,1.26799506407892e-06,0.99192751187988,365
"1835","ADAT2",0.862708006321428,0.353602608538949,-0.000479643177867621,0.0163769057605676,153,-0.000226075915043347,0.214318399706683,212,-0.000320938414907592,0.0174367313883479,365
"1836","AC104794.3",0.735823802935057,0.391571090824989,-0.000457862806786215,0.110007660124111,153,-0.000139992228543785,0.555265455615772,212,-0.00025550628979698,0.162798118871741,365
"1837","FAM102A",1.23527508589227,0.267123263939276,-0.00109022466515487,1.45140384465021e-05,153,-0.000693073603603984,0.00521567611743766,212,-0.000864150212008758,1.32973513733153e-06,365
"1838","TOE1",0.2458615907929,0.62030597889899,-7.7433963775188e-05,0.698179812228882,153,-0.000200834336359411,0.194075865718725,212,-0.000152561395843513,0.211814102818237,365
"1839","UBQLN4",0.407917216872305,0.523433530815619,0.000115458313722754,0.594853279046679,153,0.000297016421286603,0.105802656362999,212,0.000220872425579391,0.113806939771742,365
"1840","C19orf12",0.983476326618755,0.322006298947175,0.000199846266308866,0.52810369677994,153,-0.000161856638840176,0.440254381614184,212,-7.39867244207409e-06,0.96707408765238,365
"1841","CHD1L",3.46386393621395,0.0635362630927633,-0.000246360292452595,0.339600812133013,153,0.0003783648458932,0.080051613838909,212,0.000128025633212283,0.439196587366677,365
"1842","RRP9",0.513794031942982,0.473964526905039,-1.40123608460613e-05,0.939417166755382,153,0.000166261609759588,0.317998198721374,212,9.14112403531292e-05,0.458889042271589,365
"1843","KIF1B",0.155966589794742,0.69313069542674,0.000280369781168072,0.277481035822274,153,0.000417256117110506,0.0673757568032611,212,0.000355835312709687,0.0369949369350523,365
"1844","CCDC66",0.0597204651948035,0.807077138600907,-0.000102881199869962,0.775571568364386,153,-0.000208558895955953,0.420874842816781,212,-0.000174600770456213,0.411117076709067,365
"1845","TWSG1",0.0119561428964544,0.912990285703718,0.0002685007107707,0.18166210145569,153,0.000240797234018517,0.130732618389117,212,0.000255622616665367,0.0402688827141008,365
"1846","TBC1D12",0.252580894873873,0.61557006391522,-0.000309860457356011,0.32738349592606,153,-9.89751122975378e-05,0.716798574957097,212,-0.000178135627307469,0.387314764378125,365
"1847","SLC19A1",0.817233519532353,0.366593124216012,-0.000220941211099908,0.25217416106146,153,7.15012513763989e-06,0.964911358342198,212,-8.41755791791591e-05,0.49679441943077,365
"1848","BCL2L2",0.551171096944579,0.458322361673457,0.000185317314851181,0.318260051560925,153,2.20449098369974e-05,0.86572089060404,212,9.67475252911983e-05,0.372421345995308,365
"1849","AAAS",0.0141547975473406,0.905362181179185,0.000624270074900864,0.000949640112101012,153,0.00065280827847126,2.96329544303726e-05,212,0.000644088396527544,8.01328834483623e-08,365
"1850","RRP1",0.168910835677146,0.681325456642752,-4.2683517173379e-05,0.868227493824264,153,8.46764554949258e-05,0.649778209276723,212,2.83917875421075e-05,0.851860613852095,365
"1851","SERPINF2",0.989549290364461,0.320518854713732,0.000169607179223827,0.382864896498235,153,0.000443011947349386,0.0177835644337688,212,0.000331948949716066,0.0142643774393567,365
"1852","FAM189B",4.31590845580974,0.0384640917847182,-2.83540097207242e-05,0.893109027436481,153,0.000515534532636227,0.00163193838226477,212,0.000302501533722748,0.0201029241704825,365
"1853","CASD1",0.574989298704941,0.448777829135348,-7.42761997433625e-05,0.701838357720187,153,-0.000269444574755501,0.108185189942081,212,-0.000196754931031707,0.120773578491813,365
"1854","ZDHHC16",0.651684865274795,0.42004249929131,-6.30744737775204e-05,0.750284730401399,153,0.00014494487648675,0.380408018122722,212,5.35317056063386e-05,0.672716464354118,365
"1855","CKAP4",0.0755990889853186,0.783509727588983,-0.00117937197763057,0.00910094168429473,153,-0.00097405529323793,0.0731736745132791,212,-0.0010654744575694,0.00381696509094369,365
"1856","DSN1",3.8186585892351,0.0514565638589478,-0.000416766453556789,0.047762628874189,153,0.00014374154157188,0.450252990665654,212,-7.42907618093101e-05,0.60111690929121,365
"1857","SETD6",0.0562958709358857,0.812583857029136,-0.000205586957521163,0.342275696477574,153,-0.00014059614598752,0.41441130336097,212,-0.000171385270994518,0.202703758946847,365
"1858","CPNE8",0.503888141492955,0.47825492491125,-0.000429393798077786,0.0602787674850354,153,-0.00021051484469344,0.300907780009766,212,-0.000299390604168329,0.0483516351995942,365
"1859","FRY",1.24041971483818,0.266131172527165,0.00037657769646225,0.112851760275414,153,3.38614736851842e-05,0.86367684739902,212,0.000172995547505979,0.252634803518718,365
"1860","ASB1",1.38600645102427,0.239856270827322,0.000120836144304382,0.494743045218003,153,-0.000176710508398192,0.303697909233799,212,-5.35113101934098e-05,0.666456672852889,365
"1861","ZNF197",0.690471860344762,0.406553165165096,-0.000196564113581401,0.43513646680532,153,5.02129072099916e-05,0.774356937209768,212,-5.30488418193082e-05,0.715886058460497,365
"1862","HLA.DOB",0.313427250811901,0.5759318709511,0.000619989401472189,0.0688862737707877,153,0.000865297189472124,0.00220628974613292,212,0.000772813459790373,0.000368944422934346,365
"1863","SACS",0.928509304550348,0.335895598154265,-0.00044781176565369,0.0560369091792245,153,-0.000118541798862094,0.614179661493967,212,-0.000261546972896116,0.120326587906126,365
"1864","SLC40A1",1.73122219840713,0.189089840905434,-0.00057989740314564,0.209661662980934,153,0.000176220722538097,0.62103941139683,212,-0.00013192814208205,0.640360756929091,365
"1865","ZNF302",3.57570523500291,0.0594310210648687,2.15471672071224e-05,0.936246700126633,153,0.000616005132253014,0.000905376826084696,212,0.000377173408227143,0.0153285390792482,365
"1866","TP53BP1",0.015350194319525,0.901466652427769,8.3359349667702e-05,0.733628938115124,153,4.43740787750396e-05,0.824277290925893,212,6.04715109900784e-05,0.695028142573064,365
"1867","TYW5",1.12724680865815,0.289073119302232,7.17758675451023e-05,0.752478491332041,153,-0.000249355483482564,0.205832078315596,212,-0.000115371229650035,0.437492869553523,365
"1868","PPOX",0.00156629289215372,0.968452705617363,5.31044419246167e-05,0.770982984948658,153,6.22579773429389e-05,0.668610776193808,212,5.93948002621029e-05,0.600414302516157,365
"1869","MIB2",0.00423329500828476,0.948159235883336,-4.4110712982946e-05,0.828339450435417,153,-2.58339184564565e-05,0.890187632823795,212,-3.13263558458999e-05,0.820055475442533,365
"1870","MMAB",5.75644026984938,0.0169346607492144,0.000540786911097216,0.0141143026169609,153,-0.000145296107113499,0.430686050640231,212,0.000134488573555054,0.341409423747012,365
"1871","AHCYL2",1.88531071194203,0.170584027620997,-0.000261451237879698,0.190547786877435,153,8.2215472084408e-05,0.598874840440372,212,-6.05986276958525e-05,0.622421652715147,365
"1872","LY9",2.19706988416981,0.139145739874381,-1.69652945474626e-05,0.936761772137702,153,-0.000468054512450495,0.0240335005135908,212,-0.000286752616324027,0.0559899521895982,365
"1873","EFL1",0.00187759565221257,0.96546145204398,-7.31320881887941e-05,0.693948875336449,153,-8.57936864489688e-05,0.67901162119267,212,-8.8434493359519e-05,0.538114903569194,365
"1874","FAM104B",0.87183636421843,0.351071527484518,-0.000100809055690185,0.70871137965506,153,0.000176638926044297,0.274380582620491,212,6.65760168016922e-05,0.648170899835666,365
"1875","CDK8",0.0204511717033838,0.886363971000967,-7.36671601205582e-05,0.625685210130566,153,-4.20129747281376e-05,0.782595398876589,212,-5.60861498167552e-05,0.605291524659491,365
"1876","PDE12",0.655558169308387,0.418665822798615,0.000305414531011318,0.246761380229268,153,3.71465609635122e-05,0.857717538968888,212,0.000136331689645577,0.403559805173631,365
"1877","PLA2G4B",0.261146973090662,0.609645643272934,-0.000348839852478055,0.177241965860019,153,-0.000508309986597109,0.00754471989454252,212,-0.00043670086203501,0.00460033484621363,365
"1878","SOCS7",0.233581057594238,0.62917413890928,0.000646030853496081,0.00210824780303139,153,0.000492681619893076,0.0278962261145243,212,0.0005530763077276,0.000424875246418609,365
"1879","NEURL4",0.293860571185626,0.588091586627081,-0.000163536828715287,0.41212960510584,153,-2.47457504604551e-05,0.879082734713306,212,-7.90019551171385e-05,0.529409863368206,365
"1880","GPR155",0.000297921171402798,0.986238417950751,-0.000165069988540281,0.718346746127483,153,-0.000156278688324621,0.577686177069838,212,-0.000151849614566559,0.543488518176044,365
"1881","NBPF19",1.2820995957262,0.258260540287467,-0.000409418731011368,0.141750462486552,153,3.86962944077688e-05,0.885327255785602,212,-0.000132500060391312,0.496882547269013,365
"1882","CYP4V2",0.0308200224153357,0.860740948349904,7.44098809082943e-05,0.80226950422481,153,0.000141676100581399,0.561638993520203,212,0.000110141195320073,0.557832095374662,365
"1883","UBTD2",0.10507805303768,0.746006566449962,-8.66362365625424e-06,0.969104050468051,153,8.00464339089389e-05,0.631817052155204,212,4.37810270436108e-05,0.744176571612158,365
"1884","POFUT2",0.570348003460017,0.450613095245423,0.000245512921778898,0.285707453924104,153,1.66457314379943e-05,0.932394682545742,212,0.000105315751633373,0.4792196893252,365
"1885","AL136038.5",0.126240386792718,0.722569936916551,-7.13596744798467e-05,0.759683363049411,153,-0.00018086109301058,0.365472887832132,212,-0.000136976316935777,0.364888654058403,365
"1886","SLC27A4",4.52074174635765,0.0341643959911015,-7.50296605202927e-05,0.710345951745026,153,0.000495287898265957,0.00489567294418483,212,0.000260259693350084,0.0498043367536735,365
"1887","ELP4",0.0360227774419378,0.849575135128351,0.000114660380819077,0.522495302274004,153,6.46897725206968e-05,0.721237630823237,212,7.69199148171094e-05,0.552674255276755,365
"1888","SMURF1",2.21175592873346,0.137835588157473,-0.00015450141219823,0.366492427653846,153,0.000197442736983072,0.212007899387262,212,4.66682052909436e-05,0.68933272722532,365
"1889","ZNF3",0.00086329365366773,0.976576277121655,-6.7424971704334e-05,0.761949284789012,153,-7.70432820757658e-05,0.732646488845284,212,-7.87528297761236e-05,0.62399162869749,365
"1890","WDR20",0.133644619913826,0.71489681309852,-9.49298061195755e-05,0.575390563994394,153,-0.000184777264690396,0.272536607204277,212,-0.000152538592641564,0.206550659578731,365
"1891","CLEC16A",4.31321658798686,0.0385242470990889,-3.29981652171725e-05,0.828811259406835,153,0.000400628913605659,0.00412871422498387,212,0.000219890384805429,0.0334285601711559,365
"1892","SERTAD1",0.367299454999964,0.544860863236694,-0.000379723969281006,0.662814134157274,153,-0.00112410521130392,0.175586097236126,212,-0.000864939789402285,0.153597582394337,365
"1893","SNHG14",0.011462990640757,0.91479660483624,-0.000640025449596578,0.0224903308830993,153,-0.000597685835392402,0.026499473248803,212,-0.000624334312845663,0.0014141023359828,365
"1894","AHDC1",0.102424977280183,0.749123896174201,-4.62467665371435e-05,0.792762188165285,153,-0.000119872029284387,0.418088919526965,212,-8.50788911352427e-05,0.451481786766787,365
"1895","THUMPD2",0.0944529812647203,0.758767869480194,6.41440559827586e-05,0.738619210092509,153,-1.54731271127395e-05,0.927490463772952,212,2.24092658827644e-05,0.860155117789954,365
"1896","ASB7",0.0642637371828904,0.800023903328354,0.000275936700948796,0.189312452003737,153,0.000209545983820163,0.198702334863644,212,0.000238320834753363,0.0640595341757431,365
"1897","PARP11",5.46694164408268,0.0199249385292059,-0.000414474360568191,0.034146547343882,153,0.000234827012751208,0.213905547191553,212,-3.20875159365633e-05,0.815034107191023,365
"1898","SKI",0.12051683487632,0.728676907365951,-8.62778205921303e-05,0.712843249931538,153,2.05015143861261e-05,0.917672043766103,212,-3.45943182937182e-05,0.819461683020393,365
"1899","SLC35F6",1.48467541736005,0.223840125639839,0.000127948810251743,0.549423448638991,153,0.000515088122287629,0.0200219976890047,212,0.000346955484300548,0.027262080942766,365
"1900","PDCL",0.587311593820012,0.443961426905255,8.55513407074203e-05,0.689328339282831,153,0.000299609294638384,0.0961015217728532,212,0.000213629048110717,0.119612933542204,365
"1901","GADD45A",0.0130006635622355,0.909284966032072,4.24765620433204e-06,0.985745076668827,153,-3.21273174393394e-05,0.877711039502873,212,-2.33042829907447e-05,0.881684381757861,365
"1902","NXT2",0.452807559455782,0.501435212435929,-7.90206905205618e-05,0.721439361414079,153,-0.000291516053307759,0.174214431241742,212,-0.000208414184871862,0.179165610050013,365
"1903","TMEM216",0.200687661838508,0.65443508062455,0.00010474217212256,0.558701448283512,153,0.000209599102043744,0.16479932235666,212,0.000173493001138384,0.132358833148623,365
"1904","NADK2",0.824310846446144,0.364528458329894,-0.00018328507749839,0.258850732732948,153,2.58738533951883e-05,0.868271662671875,212,-6.90365058710785e-05,0.544028885960621,365
"1905","NSUN3",0.206891047490864,0.649488564272006,5.72935496737329e-05,0.782322968312225,153,0.000175341404549315,0.278270357792646,212,0.000125553854774371,0.3241662867659,365
"1906","BCAS4",0.0789854856281089,0.778837994627713,8.29028137429397e-05,0.688802971889956,153,4.96393490670022e-06,0.978160599761519,212,2.7848814832904e-05,0.838302688874669,365
"1907","RHNO1",0.80217709078673,0.37104006309095,-0.000178187873801295,0.531436896353064,153,0.000123262285422329,0.535661085272527,212,6.74114295552775e-06,0.967487361226252,365
"1908","ZNF274",0.000627625984657457,0.980026958297277,-0.000228837161985653,0.35120747111785,153,-0.000235734598436085,0.125550523251075,212,-0.000220095654544509,0.106297809452917,365
"1909","SENP2",0.70667185326054,0.401107332139813,-8.57127650077354e-05,0.758450378274886,153,-0.000372628188342686,0.074973322108603,212,-0.000261494271196024,0.119426380736829,365
"1910","FLYWCH1",0.0564526423637048,0.812327962234908,-0.000161634392426727,0.437788634757959,153,-9.71105664227998e-05,0.57783229538681,212,-0.000119466753898546,0.37012461070152,365
"1911","SEPTIN1",0.576877322173717,0.448034601268528,-0.000229663770231447,0.551329087988975,153,-0.000619263320569131,0.0648127724183932,212,-0.00046332522653232,0.0662347157418137,365
"1912","SLC39A13",0.0931238335883361,0.760418657133252,-5.22207381769317e-05,0.805054121869422,153,-0.000141332264515364,0.467616409166803,212,-0.00010827871734045,0.449796312299989,365
"1913","FRS2",0.981853652660096,0.322405282069384,-0.000236150542363128,0.230648871494174,153,-7.42645893944663e-06,0.956267565149907,212,-9.75448283589052e-05,0.38983490465764,365
"1914","NAB2",0.43802453904015,0.508499704520952,-0.000290831739514522,0.332606033783222,153,-1.86428975703239e-05,0.945538602247332,212,-0.000139032920489767,0.491582814829703,365
"1915","VPS37A",0.754228966429995,0.38571758967717,0.000105771159544881,0.6494286942358,153,-0.000138218971037172,0.415035677413905,212,-2.5021012717951e-05,0.857185240158497,365
"1916","KIZ",0.139120375221136,0.709375955789246,-0.000118872311970202,0.569604113196952,153,-0.000217828217139769,0.192972249505905,212,-0.000181087956802577,0.164688048457907,365
"1917","SAP30",0.534553108409284,0.465173185977309,-0.00108173035784456,0.00604876899237361,153,-0.000648619518811461,0.118740636854761,212,-0.000837791299963461,0.00420385086904213,365
"1918","FAM241A",0.377572960439009,0.539292088162599,-0.000268104286436143,0.217490257832641,153,-8.40259625605761e-05,0.67381906027609,212,-0.000164414769721386,0.26402156723181,365
"1919","ARMH1",0.529952610370859,0.467098690679447,-0.000629530005798392,0.0681453410816141,153,-0.00100416419156125,0.00541254389182243,212,-0.000856375841098282,0.000765719537633991,365
"1920","TNS3",0.148651759393471,0.700054218425813,9.84975728147186e-05,0.680845884966059,153,0.000233029652611431,0.330672240759035,212,0.000156039324589098,0.368967658933153,365
"1921","SH3BP5.AS1",0.00247751998084512,0.960329461908791,-0.000277995193991324,0.228309156185117,153,-0.000262550816440833,0.198206190349493,212,-0.00027654199033181,0.0702787014487407,365
"1922","PRR34.AS1",1.80909857614749,0.179460753135583,-0.000224386558158869,0.230810015906118,153,0.000127148626217591,0.46877605783011,212,-1.21154932125918e-05,0.924914317661954,365
"1923","GPR35",0.0186120192290877,0.891560667353918,0.000119308596867318,0.523658309902573,153,8.41768993815405e-05,0.623175413431924,212,9.84205882870173e-05,0.435734091827305,365
"1924","ABHD11",2.73161526313138,0.0992491230463069,-0.000232479130475415,0.269521882811859,153,0.000217326772083192,0.212152091963,212,2.89826269052752e-05,0.828821311916638,365
"1925","TXLNG",0.0456233877449456,0.83098245072651,-0.000233270013954321,0.342960851588586,153,-0.000300797355140293,0.135647932509324,212,-0.000297094987204822,0.0610500289648398,365
"1926","PPM1L",0.136833340291541,0.711666530851443,0.000134389806944464,0.516918781580008,153,2.99990525959859e-05,0.872156514894231,212,6.55047973828122e-05,0.636720310070276,365
"1927","KIF20B",0.0470680101127987,0.828368595917842,0.000326232053261623,0.197013502301551,153,0.000399240557926464,0.0699598411833209,212,0.000359104297560268,0.0305848836126668,365
"1928","NEGR1",0.58741659107927,0.443920732031138,0.000358615171285211,0.206392209538954,153,3.76679612769507e-05,0.896390094590517,212,0.000157545253921556,0.444499136773881,365
"1929","TTLL4",0.0242752488151342,0.876273686499952,6.61530484296717e-05,0.755528779251312,153,2.53876182579719e-05,0.874405968287861,212,4.18192153103905e-05,0.744378765480921,365
"1930","DCAF1",0.280230325238794,0.596875661723763,0.000237032209332503,0.304622184142574,153,7.25108694424292e-05,0.722327031333585,212,0.000136441970198498,0.37105785599191,365
"1931","POFUT1",2.15764455520826,0.142732852075391,0.000429149648497781,0.0343592959939161,153,1.6671401350991e-05,0.929385898089243,212,0.000179516222825955,0.194637537025599,365
"1932","TBC1D13",0.843882733142686,0.358902025855955,-0.00011710929498408,0.565985190566062,153,0.000129269666274299,0.455751815758067,212,2.9684869596894e-05,0.821566286716349,365
"1933","SRPK1",1.22474941561525,0.26916748696902,-7.96191561830245e-05,0.722141199764845,153,0.000250208927174282,0.198149825959296,212,0.000107460134834645,0.464084445474878,365
"1934","TMED8",0.381472117449548,0.537205840037274,0.000206736631672624,0.334377328725854,153,2.9875777539437e-05,0.873178736898777,212,9.14783038031262e-05,0.517031345691493,365
"1935","RPGR",0.832066581648932,0.362284373704758,-0.000120959280541306,0.572141125886832,153,0.000183329453379595,0.437183777560524,212,5.11740627347637e-05,0.755074398353743,365
"1936","P2RY13",0.434944368375899,0.509993234965888,0.00135352804928596,0.019065875218788,153,0.00181013077114595,2.28709658729829e-05,212,0.00162186791854254,2.5545107937484e-06,365
"1937","SLC24A4",0.882436466161899,0.348163317722449,0.000621503118133489,0.0505971537681696,153,0.000295969470098011,0.114820050415653,212,0.000433626091792707,0.0111877782938431,365
"1938","LRRC40",0.497013810347474,0.481269773493446,0.000166694194254042,0.424926591029563,153,-3.23110621733904e-05,0.861855394236583,212,4.88951330001416e-05,0.723994498718419,365
"1939","HDAC4",0.350519703136807,0.554189691419655,0.000265118722135718,0.228972681598759,153,9.33882315704044e-05,0.618949971330137,212,0.000162741927826554,0.253008032380105,365
"1940","RCBTB1",0.053981548333071,0.81640615250528,4.83435587703082e-05,0.802824671628672,153,0.000116119193862187,0.567875433452476,212,9.23839997968164e-05,0.518625925787499,365
"1941","MYNN",0.00738083835275683,0.931584154937805,-0.000190542460606719,0.379550566528747,153,-0.000166243233507823,0.360877839096677,212,-0.000171526358221832,0.216928371995481,365
"1942","REXO1",0.935461170104226,0.334095357833493,-0.000103777467494163,0.557039880124536,153,0.00012184242880827,0.42032115255353,212,3.65794078064201e-05,0.750132992360132,365
"1943","RNF8",1.58811126784868,0.208410182160867,0.000281148141591471,0.199520794660619,153,-0.0001072759320313,0.605744098268785,212,4.66422831001743e-05,0.758251972812053,365
"1944","BIN3",0.96283392787035,0.327131043538903,0.00035951865079284,0.0789651872374659,153,8.73201867916331e-05,0.63387514581644,212,0.000201132518738542,0.140319476851716,365
"1945","NLK",2.21781942061996,0.137298713898674,-0.000278186346905946,0.184441735371449,153,0.000106219867099959,0.503876748235358,212,-4.4135553081163e-05,0.728659784491151,365
"1946","FAM13A.AS1",0.102802523568507,0.748677586718314,-0.000201707698648329,0.300018357208705,153,-0.000121294257311692,0.448237392631508,212,-0.000158125605190493,0.199322735472703,365
"1947","AGK",1.29277748844408,0.256290865982526,-0.000189900883113189,0.286964096982844,153,8.19962638298617e-05,0.60071249156338,212,-2.69172270438067e-05,0.81874086842479,365
"1948","TMEM104",2.83417724290206,0.0931425355023387,0.000433780409986483,0.0752004756918553,153,-0.000124182854943385,0.571520685943048,212,9.57035688419955e-05,0.558248803301815,365
"1949","ASF1A",1.37128193332881,0.242364123099522,0.000585619393569459,0.0778752061461719,153,5.8499944634107e-05,0.844064284806819,212,0.000270461683227175,0.221696028736325,365
"1950","ZCCHC24",0.0240087715702563,0.876949190129544,3.50322579654063e-05,0.875098165480813,153,8.21958089751716e-05,0.68326845870544,212,5.59060215323213e-05,0.708450881267017,365
"1951","SIAH1",1.69104184666252,0.194293250356325,-0.000273439725391012,0.13420747717611,153,3.6143285834892e-05,0.813532103313779,212,-9.12524488160596e-05,0.435489978949158,365
"1952","MTX3",0.117830758087279,0.731599034845045,-0.000132138752604753,0.518938150974675,153,-3.71324462020196e-05,0.838335974765619,212,-8.13752391919994e-05,0.549339595407404,365
"1953","MRPL39",0.215851100753029,0.64249959701965,8.16392811359237e-05,0.622285933999966,153,-1.86833209426969e-05,0.892753986795637,212,2.23824085965207e-05,0.832568926241378,365
"1954","SMARCD3",0.0716382689497142,0.789119083127358,-0.000304423756475997,0.178248502249821,153,-0.000218974106818758,0.310566650528612,212,-0.000249503483779703,0.111737613784818,365
"1955","TACO1",0.000877627356310081,0.976382676251798,-0.000113912696357906,0.59670098783814,153,-0.000106323672143058,0.485590702757144,212,-0.000104173413194948,0.407680495600886,365
"1956","ANKRD26",0.151763147293502,0.697085811106367,6.41568575913656e-05,0.830462442054442,153,-0.000107046518585129,0.723308203079974,212,-4.57246726838926e-05,0.832167064643332,365
"1957","RNF34",0.00087075830330778,0.97647525537001,6.90145074840555e-05,0.753421251953823,153,6.01690002330363e-05,0.76153927605377,212,6.81223687843289e-05,0.643203488323758,365
"1958","IRS2",0.7048290226546,0.401721437714357,-0.00424590469271785,2.49824199248603e-06,153,-0.00317894876624424,0.000336571508164502,212,-0.00357926025580814,2.13634837533028e-08,365
"1959","LYSMD3",3.51827932145224,0.0615022606349938,-0.000161792053765279,0.372306812121677,153,0.000303530410153788,0.0660143322633422,212,0.000114593939706306,0.348633722575612,365
"1960","CACNA2D4",0.782427103576175,0.376988620257775,-0.000378428772166072,0.244832550072511,153,-2.13213164816174e-05,0.931995141414502,212,-0.000160793725691641,0.417598657271195,365
"1961","C11orf1",0.15561981317757,0.693454638337204,-6.46344804674898e-05,0.738036611657504,153,-0.000168653283046673,0.334049938654619,212,-0.000125162872205742,0.333263950622794,365
"1962","C21orf91",0.233828323830071,0.628992767850475,0.000205333237015982,0.478757920937057,153,0.00038739603098343,0.109250565884888,212,0.000308133895245351,0.0959233617558804,365
"1963","MVB12B",1.92294959124448,0.166387560871917,-0.000261083411980121,0.220316629291522,153,8.49604575378752e-05,0.561852669236837,212,-5.20717883611815e-05,0.671504111006482,365
"1964","WWC3",0.0615653758864665,0.804179769148535,2.27751488175934e-05,0.894580846470694,153,8.31315662913211e-05,0.612961150846166,212,5.38748418706152e-05,0.651872825812021,365
"1965","TMEM91",0.176034404145905,0.675053166250574,-0.000384359726114372,0.153570937402694,153,-0.000530252998124658,0.0177494571753319,212,-0.000477465569816214,0.00540421440017323,365
"1966","BMT2",0.011231940577503,0.91565641143622,-0.000266507876876808,0.197823423838729,153,-0.000237064640964322,0.194080606058052,212,-0.000252340062809733,0.0646305163520506,365
"1967","SWSAP1",0.542290274252471,0.461963365725038,-2.25551997968182e-05,0.919074248067857,153,-0.000224487672873939,0.184336223797473,212,-0.000134502632754459,0.318998626323448,365
"1968","ACTL6A",0.0229320977784007,0.879718371561513,-6.85391676633028e-05,0.839300132956981,153,9.46242875904226e-07,0.997504389248285,212,-1.68326290944823e-05,0.940458620289135,365
"1969","VARS2",0.122052703048392,0.727022443419801,-0.000116806289654454,0.612014992425998,153,-0.000218093283191411,0.229816497432113,212,-0.000174816723765441,0.219246960561179,365
"1970","ACRBP",0.0674567485459052,0.795224449828148,-0.000707007160908937,0.0917847779103382,153,-0.000568913146155127,0.0910440316614152,212,-0.000628721552046224,0.0162896435150127,365
"1971","PCCA",0.00532429726522125,0.941872166359825,-0.000179884656790601,0.508851295702359,153,-0.000155111789849589,0.461930605538705,212,-0.000174658950576638,0.295652851966028,365
"1972","NFYA",0.141471044067269,0.707043897100971,-0.000313376999545688,0.173516746478176,153,-0.000204791233255046,0.256846971664959,212,-0.000240291726615084,0.091296562872975,365
"1973","P2RY11",0.0249615384890146,0.87455127388171,-0.000226594708640694,0.275414941653851,153,-0.000178594033642306,0.392988030375666,212,-0.000202501233079315,0.174756933509556,365
"1974","TTC21B",0.0906914636305909,0.763473317990156,8.64469832943898e-05,0.697545623800897,153,3.83167703519914e-06,0.98187186104388,212,4.03353837124694e-05,0.764323821767835,365
"1975","PDE3B",0.00146557851384918,0.969483305979874,-0.000325494032903577,0.153474032921863,153,-0.000339293125941225,0.186905407523847,212,-0.000344283060952581,0.0526954136801403,365
"1976","LPCAT4",0.42786131870469,0.513456707009661,-1.64860599503223e-05,0.939948834754037,153,-0.000198672579561579,0.258675300202073,212,-0.000122777689753358,0.369061137502028,365
"1977","LCORL",0.0063409065834433,0.936575808842766,-0.000188437180363968,0.344904142316187,153,-0.000162937573048263,0.477205001626364,212,-0.000174273882115665,0.267279495642731,365
"1978","JMY",0.0814748608506341,0.775472285949977,-0.000124402768100693,0.674394087385885,153,-0.000233369150235315,0.337609674004407,212,-0.000201386501191459,0.284154170713375,365
"1979","NR2C2AP",0.174796838467992,0.676132005993674,-8.12856653210927e-06,0.962513078439301,153,8.76590268723902e-05,0.555637477937216,212,4.26428113805237e-05,0.704930060118153,365
"1980","CCDC86",0.1879854494947,0.664857595909817,0.000277719893586655,0.318290117827373,153,0.000118230824652236,0.620382781409482,212,0.000170086536711417,0.34824080971028,365
"1981","TBC1D17",0.00280954826437398,0.957757105747507,-0.000175180451303922,0.39520861368176,153,-0.000161822261888396,0.293745914579599,212,-0.000160412664159206,0.195815942144867,365
"1982","POMT1",0.304219144578379,0.581590646835209,-0.000114985858726273,0.560004223381471,153,1.4646245478278e-05,0.91666494955002,212,-3.50658398777942e-05,0.761098287913847,365
"1983","LPAR2",1.91139474172928,0.167663081592366,-0.000430139236486534,0.200939238251822,153,0.000138904095531323,0.581385569738282,212,-9.01866159126413e-05,0.65581445697438,365
"1984","GYS1",0.733351403261044,0.392367091492318,0.000180317242276951,0.346055455115737,153,0.000404019197612623,0.0202879320425193,212,0.000306614523040504,0.0173949102630748,365
"1985","RBAK",0.992929118621929,0.31969496381825,-0.000197924925095647,0.430820788572167,153,0.000114130093261917,0.557229901662141,212,-9.33868649963297e-06,0.951581678523367,365
"1986","PTMS",1.62430082347385,0.203312901724056,0.000239919272317592,0.286196912285016,153,0.000653061948586826,0.00348006714735613,212,0.000478048610465863,0.00288739116893106,365
"1987","IL1B",2.37312450144083,0.124315832795479,0.00302663231036788,0.0391062975484416,153,0.000100339747306081,0.934421065486269,212,0.00128598814664977,0.169202130721998,365
"1988","ZNF621",0.082452800622957,0.774165312277747,4.8695076399868e-05,0.868489639982564,153,0.000156317659066915,0.508992892557082,212,0.000104607224863013,0.569809780069318,365
"1989","DHX57",0.116007694086856,0.733603585041451,0.000134800626367421,0.553943336912194,153,0.000241151720872873,0.245159861887148,212,0.000204183561565779,0.183459887035655,365
"1990","SAP130",1.88399473729243,0.170732939008556,-0.000299515484930709,0.157403735397964,153,3.9177324778935e-05,0.785613932833106,212,-9.63466549668504e-05,0.427297338109388,365
"1991","SLC37A1",0.593523928320699,0.441563538383724,-0.000243282391458916,0.212951824263239,153,-3.92379579420825e-05,0.82235762837191,212,-0.000125282054277218,0.335400335791019,365
"1992","IFITM3",0.101265757478585,0.750499941594912,0.0033700112254577,0.0595394799137604,153,0.00430383204806711,0.0433055661831073,212,0.00369096539301054,0.0125065468754653,365
"1993","RALGAPA1",5.75714722399116,0.0169279578071422,0.000705123305418046,0.00835636447206304,153,-8.27598231041636e-05,0.683682682193954,212,0.000234966398950753,0.14831103610628,365
"1994","ZNF117",0.114597097047971,0.735166705197201,-0.000126128006546773,0.656851444432652,153,-0.000253963476412965,0.302081307657032,212,-0.00020332142052501,0.272493118931099,365
"1995","XYLT1",0.0455498436883059,0.831116669247256,-0.000183145256486464,0.484005854257445,153,-0.00025937338173736,0.273180675382602,212,-0.000214215723321507,0.224226797503337,365
"1996","AGBL5",0.246566368924518,0.619805470934859,6.36152920042634e-06,0.971450935728895,153,-0.000107541144178202,0.462122458767262,212,-5.85710196136728e-05,0.602748229093569,365
"1997","HIF1AN",0.401304498964225,0.526817459234638,5.5734568083697e-05,0.828382267781653,153,0.000251007415710486,0.174945202013332,212,0.00018420085770761,0.226524683749523,365
"1998","ASB6",1.2123719470054,0.271596487140521,0.000331767534931656,0.151604611757446,153,-2.59622472078138e-05,0.905586816131613,212,0.000118623632372158,0.457277882700294,365
"1999","ANKRD28",1.02021749436782,0.313143938733123,0.000206039281861875,0.377647926373068,153,-0.000120750854355766,0.576397995199533,212,7.91802241493634e-06,0.960265532384319,365
"2000","UCK2",0.0479501111285017,0.826793163123955,0.000135636102200533,0.626021159567232,153,0.000206661576076372,0.274411164940889,212,0.000185128032803078,0.245630756695668,365
